"Site_id","Round","links_sps","num_compartments","NODF","link_dens","weigh_connectance","Shannon","int_evenness","Alatalo_int_evenness","H2","species.poll","species.pl","niche.overlap.poll","niche.overlap.plant","functional.comp.poll","functional.comp.plant","modularity","z","links.corr","nodf.corr","linkdens.corr","conn.corr","ala.corr","h2.corr","V26","V27"
NA,NA,NA,NA,NA,NA,NA,NA,NA,NA,NA,NA,NA,NA,NA,NA,NA,NA,NA,NA,NA,NA,NA,NA,NA,NA,NA
"Aznalcazar","1",1.125,1,26.025641025641,3.91066679479448,0.244416674674655,2.83412587655526,0.707234898011319,0.938483602514807,0.112854292947325,11,5,0.442279369388262,0.570398650618193,13.2126671867952,11.9389416130573,"0.374291","-0.47516323955734",-14.5835055601401,23.0244048555147,-5.43048043625584,-9.09673055637567,-28.3385648772204,-30.4654558557643,-12.7318409674173,-2.77336749204108
"Aznalcazar","2",0.928571428571429,1,5.43478260869565,2.46432701016306,0.17602335786879,2.52321095295289,0.662840732461452,0.945375642815022,0.333333333333333,9,5,0.214877136752137,0.247140802795642,11.0262679467713,11.1892922708365,"0.542222","0.894661565007012",-14.8854010553063,3.63020747823897,-8.42699680920793,-10.7153004615022,-27.745765481502,-29.6061357019934,-32.014142404931,-1.62767997555278
"Aznalcazar","3",0.888888888888889,2,10.5263157894737,2.75652000832937,0.153140000462743,2.73633905110507,0.629940521124299,0.951275129662364,0.256251898085072,11,7,0.173888177550149,0.267836539285172,12.8447389998368,12.9507994651109,"0.512346","-0.936456884875933",-15.6878072190752,8.21917333062891,-6.03467253906239,-8.63805254692901,-26.5541666722288,-28.6605652022096,-18.8120791830834,-1.93833073975133
"Aznalcazar","4",0.7,3,0,2.00509608946993,0.200509608946993,1.83437197028162,0.577199779552126,0.865877548438427,0.703918089034135,6,4,0.333333333333333,0.0364583333333333,9.34908895114639,10.6561987159288,"0.44","1.49203769073983",-11.7172497847798,-1.07647058823529,-5.86864754836373,-7.67323402888667,-17.5737952354294,-18.8309674261589,-22.34329706186,-0.806384033177866
"Aznalcazar","5",1.04347826086957,2,10.9338061465721,4.04991013893322,0.176083049518835,3.13416245858665,0.664228718513269,0.945760342359977,0.228443826320529,16,7,0.327749384271123,0.275508081326976,14.3934556225489,15.8640477657389,"0.498724","-0.00193824244448472",-17.0927960104477,7.56338451654885,-4.90405911770977,-8.77788620712415,-31.1980258460568,-33.6679595861302,-16.2832741542324,-2.79796653878922
"Aznalcazar","6",0.882352941176471,2,0,3.64075965663294,0.214162332743114,2.67011988980682,0.714380927823457,0.949426358688014,0.666666666666667,14,3,0.388278388278388,0.0392156862745098,6.62421569410354,10.7688569366823,"0.512111",NA,-20.6520140480174,NA,-10.6536048200965,-14.0802021439863,-43.0780381417328,-45.0337771037162,-54.9733541426164,-0.998221021978232
"Aznalcazar","7",0.882352941176471,4,1.78117048346056,5.16711001096227,0.151973823851832,3.3081015535348,0.645613741008395,0.87884760691123,0.807921263962604,28,6,0.324342602538091,0.0114496646185581,20.7453696848327,22.6645563032732,"0.31098","-0.174498859866968",-28.6152542857969,-0.698476493528667,-13.5100914048984,-18.5252275920089,-73.1175744495294,-75.7800622620557,-36.3887872314315,-2.70442772859592
"Villamanriquesur","2",0.8,1,0,2,0.4,1.38629436111989,0.773705614469083,1,0,3,2,0.777777777777778,0.5,2,2.82842712474619,"0.25",NA,-6.10745239221557,NA,-2.91442497704729,-4.51442497704729,-5.52115803109568,-6.13374677774649,-20.487568862988,NA
"Villamanriquesur","3",0.894736842105263,2,8.94308943089431,3.69228991517595,0.194331048167155,2.78778811938601,0.720135201331796,0.943559866349885,0.5,16,3,0.35,0.114558472553699,8.73903104143789,11.4876240791888,"0.52","0.283279356022944",-23.6959590056108,6.67353037077448,-11.039637079234,-14.5375959462428,-43.337852574243,-45.4055054922973,-23.472766989419,-0.894015878390951
"Villamanriquesur","4",0.9,2,4.36507936507936,3.05209841024953,0.152604920512477,2.72781049073395,0.655899777911127,0.834895268811463,0.825162916738782,16,4,0.287606837606838,0.069579846432577,20.5441229916984,20.5578599545817,"0.56956","3.91749642109758",-16.8209938222224,0.989862059031271,-9.14065207181173,-12.0401455615488,-38.2792494562753,-40.3511601690982,-30.5107033870788,-2.6402621239756
"Villamanriquesur","5",0.9,1,0,2.77777777777778,0.277777777777778,2.19722457733622,0.72169761342906,1,0,7,3,0.476190476190476,0.361111111111111,4.24264068711929,5.86370330515627,"0.419753",NA,-12.0391090387313,-1.03969792116508,-4.58836283434186,-7.08836283434185,-15.8856573187838,-17.361184282691,-17.8712824456738,-1.34916055307343
"Villamanriquesur","6",0.777777777777778,2,0,1.85714285714286,0.206349206349206,1.94591014905531,0.649560765570943,1,0,5,4,0.3,0.233333333333333,5.87421858626871,5.5534180126148,"0.530612","0.0412139182850974",-10.9470666641034,NA,-6.79845994305896,-8.44925359385261,-14.7836756896225,-16.0800250731069,-31.3145793433996,-0.673027324458436
"Villamanriquesur","7",0.8,4,3.14465408805031,2.31189362579651,0.115594681289826,2.66461919519349,0.601383292554344,0.868102380063101,0.707655323295762,14,6,0.192376545760004,0.0457142857142857,17.9344312760166,17.4247189561187,"0.657596","2.55078472265862",-17.9648426125427,1.41587834257438,-9.27673924061527,-11.473038185122,-37.6201729995931,-39.6834089022323,-36.043949737487,-1.39150695303123
"Villamanriqueeste","1",0.75,2,0,1.95992058984143,0.244990073730179,1.73286795139986,0.697357364127824,0.930528013369903,1,6,2,0.4,0,4.92423301158178,6.92820323027551,"Error in try(mod@likelihood, TRUE) : 
  trying to get slot \"likelihood\" from an object of a basic class (\"NULL\") with no slots
","Error in try((mod@likelihood - mean(like.nulls))/sd(like.nulls), TRUE) : 
  trying to get slot \"likelihood\" from an object of a basic class (\"NULL\") with no slots
",-9.69731742615818,NA,-6.24889040687057,-7.96382092298182,-14.5346820241501,-15.5701926114221,-32.2451216570655,-0.193147672625308
"Villamanriqueeste","2",0.846153846153846,2,15.4761904761905,2.81633871562939,0.216641439663799,2.35167330190463,0.656246929984917,0.940866486160396,0.208124331531478,9,4,0.383986928104575,0.260804469740416,9.4145514975227,9.32783355875567,"0.43787",NA,-14.1577399858683,12.7872775110099,-3.51283766517209,-6.11253494113768,-18.0604279190595,-19.7558542909792,-12.1862858755395,-1.28468746992565
"Villamanriqueeste","3",0.866666666666667,2,0,3.49510982880427,0.233007321920284,2.45820443278557,0.754490974745134,0.8916587397622,1,13,2,0.461538461538462,0,8.21860967409119,12.328828005938,"Error in try(mod@likelihood, TRUE) : 
  trying to get slot \"likelihood\" from an object of a basic class (\"NULL\") with no slots
","Error in try((mod@likelihood - mean(like.nulls))/sd(like.nulls), TRUE) : 
  trying to get slot \"likelihood\" from an object of a basic class (\"NULL\") with no slots
",-15.7784170382893,-1.86756145685931,-9.00448947318566,-12.2665919800696,-32.3041662748507,-34.0078797328911,-34.8492199977254,-0.714494391948346
"Villamanriqueeste","4",0.888888888888889,3,4.88888888888889,8.03475167784568,0.297583395475766,3.07480570710049,0.635778841320413,0.893380508934666,0.454803508424257,21,6,0.759863945578231,0.0833681280445372,9.78456789296247,19.393904228469,"0.244082","0.783633310476378",-22.6408969363288,3.13906145738187,-9.8075051864195,-17.5446734687894,-60.4847867530404,-62.9238136188205,-75.2078183953477,-1.93700358753563
"Villamanriqueeste","7",0.91304347826087,2,5.23891767415083,4.93232837381189,0.214449059730952,2.96839189154196,0.724998066584544,0.90898931288506,0.768206250154534,20,3,0.445748987854251,0.0549803641556587,11.2525026824304,15.0256828199635,"0.518519","1.08285058090162",-21.6716986642656,2.92723951042559,-11.3731748771142,-16.0910541911951,-49.8231253554323,-52.0665191803897,-31.2772330341332,-1.66671417778078
"PinaresdeHinojos","1",0.5,2,0,1,0.25,0.693147180559945,0.5,1,NA,2,2,0,0,2.82842712474619,2.82842712474619,"0.5","NaN",-Inf,NA,-Inf,-Inf,-Inf,-Inf,-Inf,NA
"PinaresdeHinojos","2",0.571428571428571,3,0,1.25,0.178571428571429,1.38629436111989,0.55788589130226,1,NA,4,3,0.166666666666667,0,4.24264068711929,4.87831517751085,"0.625","NaN",-Inf,NA,-Inf,-Inf,-Inf,-Inf,-Inf,NA
"PinaresdeHinojos","3",0.761904761904762,5,0,2.60793072719197,0.124187177485332,2.75166661693152,0.600149647676317,0.96876363728338,0.333333333333333,14,7,0.225274725274725,0.0214285714285714,12.5215770051287,14.5103511919303,"0.67128","0.215700667782872",-25.6166775304382,NA,-11.8966067773774,-14.380350327084,-52.1315830256615,-54.2830999949168,-54.6010203891936,-0.598431449222022
"PinaresdeHinojos","4",0.714285714285714,4,0,2.45454545454545,0.175324675324675,2.27186851269656,0.596813749262451,0.955181221416449,0.5,9,5,0.37037037037037,0.0285714285714286,8.40689139526591,10.4094192321447,"0.595041",NA,-16.4328765010809,NA,-7.41314416787528,-9.69236494709606,-28.0212448859126,-29.6962996493467,-39.6025085120411,-0.368003435925914
"PinaresdeHinojos","5",0.777777777777778,2,0,2.28571428571429,0.253968253968254,1.94591014905531,0.737350464962806,1,NA,7,2,0.428571428571429,0,2.82842712474619,5.29150262212918,"Error in try(mod@likelihood, TRUE) : 
  trying to get slot \"likelihood\" from an object of a basic class (\"NULL\") with no slots
","Error in try((mod@likelihood - mean(like.nulls))/sd(like.nulls), TRUE) : 
  trying to get slot \"likelihood\" from an object of a basic class (\"NULL\") with no slots
",-Inf,NA,-Inf,-Inf,-Inf,-Inf,-Inf,NA
"PinaresdeHinojos","6",0.75,2,0,2,0.25,1.79175946922805,0.72105705434887,1,NA,6,2,0.4,0,2.82842712474619,4.89897948556636,"Error in try(mod@likelihood, TRUE) : 
  trying to get slot \"likelihood\" from an object of a basic class (\"NULL\") with no slots
","Error in try((mod@likelihood - mean(like.nulls))/sd(like.nulls), TRUE) : 
  trying to get slot \"likelihood\" from an object of a basic class (\"NULL\") with no slots
",-Inf,NA,-Inf,-Inf,-Inf,-Inf,-Inf,NA
"PinaresdeHinojos","7",0.782608695652174,5,0,2.47064609367839,0.107419395377321,2.67795000336388,0.579019620541773,0.707713864720378,0.907019018116289,17,6,0.230392156862745,0.0133333333333333,22.935530774092,23.3661660859248,"0.7408","4.75242256412302",-20.6060736854886,-2.08689822501196,-8.78259194382269,-11.1458186421238,-41.2441847334383,-43.3431151162604,-22.8702837035067,-1.61193937597911
"Esparragal","2",0.666666666666667,3,0,1.5,0.166666666666667,1.79175946922805,0.619906233284066,1,NA,6,3,0.2,0,4.24264068711929,6,"0.666667",NA,-Inf,NA,-Inf,-Inf,-Inf,-Inf,-Inf,NA
"Esparragal","4",0.8,3,0,2.9537335634318,0.196915570895454,2.39590811929393,0.633136378213989,0.880182923663907,0.703918089034134,11,4,0.406060606060606,0.0833333333333333,11.1142556106605,12.0150449389685,"0.48","1.45014498076058",-14.5953055348535,-1.14412290333307,-6.24028234328797,-8.99710033582432,-27.1761745117526,-28.9389462528326,-28.0308929567153,-0.501389719549281
"Esparragal","5",0.85,3,2.60869565217391,2.83094732425312,0.141547366212656,2.6650690731287,0.617273053925291,0.767100278688981,0.741083053796861,15,5,0.286454230815133,0.0777358490566038,17.8769096057466,18.3656570450603,"0.587902","2.75493898010632",-16.7842880670497,0.300939276096086,-6.54744551227388,-9.23684547031434,-32.3505742214249,-34.3983702406283,-18.4699092978654,-1.68144437909407
"Esparragal","6",0.692307692307692,4,0,1.63348223622635,0.125652479709719,2.16395565688206,0.60386332374578,0.951700470111151,1,9,4,0.166666666666667,0,7.47870866461908,9.6493544754167,"0.74",NA,-26.0139516061093,NA,-18.4103853423463,-19.9182150988629,-42.4812032736103,-44.0412956067467,-54.8061250805625,0.565751881326553
"Esparragal","7",0.818181818181818,2,0,3.44444444444444,0.313131313131313,2.19722457733622,0.691374248086811,1,0,8,3,0.678571428571429,0.0833333333333333,3.9192377662307,6.69213042990246,"0.333333",NA,-16.8084051221245,NA,-7.2814184190004,-10.4127315503135,-26.5695822167546,-28.075432546004,-38.0010253183699,-1.41774468787578
"LaCunya","1",0.777777777777778,2,0,2.28571428571429,0.253968253968254,1.94591014905531,0.737350464962806,1,NA,7,2,0.428571428571429,0,2.82842712474619,5.29150262212918,"Error in try(mod@likelihood, TRUE) : 
  trying to get slot \"likelihood\" from an object of a basic class (\"NULL\") with no slots
","Error in try((mod@likelihood - mean(like.nulls))/sd(like.nulls), TRUE) : 
  trying to get slot \"likelihood\" from an object of a basic class (\"NULL\") with no slots
",-Inf,NA,-Inf,-Inf,-Inf,-Inf,-Inf,NA
"LaCunya","2",0.75,2,0,2.16666666666667,0.270833333333333,1.79175946922805,0.661641895892028,1,0,5,3,0.5,0.133333333333333,3.98734574734408,5.38233234744176,"0.416667",NA,-11.0362417464387,NA,-5.21496927553101,-7.11080260886434,-13.6552837530164,-14.7854013263524,-28.2015679322333,-0.730121170133371
"LaCunya","3",0.769230769230769,3,0,3.2,0.246153846153846,2.30258509299405,0.642548604469234,1,0,9,4,0.527777777777778,0.0416666666666667,5.3334513286038,8.2326564529299,"0.44",NA,-18.2294582556676,NA,-7.67285018183506,-10.6266963356812,-29.8728619529123,-31.5328984414372,-39.3380948127985,-0.936976268804011
"LaCunya","4",0.846153846153846,2,0,2.61277101728056,0.200982385944659,2.31142344469197,0.618412990111619,0.868624938206776,0.237293093462234,7,6,0.41708882134414,0.142857142857143,10.1729632431626,12.3758626902123,"0.514793","0.57042011080095",-10.8474771207926,-1.74550678417114,-3.61875869339933,-6.03054732473523,-16.612778163215,-18.3057886177954,-14.3074383502872,-1.07452217179777
"LaCunya","5",0.75,3,0,2.13723006374606,0.178102505312172,2.09827373952525,0.636643688638955,0.855365525142048,1,9,3,0.333333333333333,0,8.86241303004086,9.98283627240976,"Error in try(mod@likelihood, TRUE) : 
  trying to get slot \"likelihood\" from an object of a basic class (\"NULL\") with no slots
","Error in try((mod@likelihood - mean(like.nulls))/sd(like.nulls), TRUE) : 
  trying to get slot \"likelihood\" from an object of a basic class (\"NULL\") with no slots
",-20.0011280432774,-1.4813132427778,-10.5055677249768,-12.4646952834107,-30.241793832643,-31.7034238835292,-27.5469379780356,-0.699946527535574
"LaCunya","6",0.7,3,0,2,0.2,1.94591014905531,0.612296157627471,1,0,6,4,0.333333333333333,0.0666666666666667,5.40155930971718,6.96455163312516,"0.530612",NA,-13.6925690854964,NA,-6.34225282528748,-8.14225282528748,-18.5258353524057,-19.8594493438335,-32.5807183850502,-0.666920241629876
"LaCunya","7",0.833333333333333,1,0,2,0.333333333333333,1.6094379124341,0.773976031629121,1,0,4,2,0.5,0.4,3.55228474983079,3.46410161513775,"0.32",NA,-8.95462445402245,NA,-6.02492986461474,-7.69159653128141,-9.86898049902114,-10.7044423798261,-25.1774725321555,-0.714142842854285
"LaRocina","1",0.8,2,0,2.51122383828775,0.251122383828775,1.89378823239114,0.683039722841143,0.75487211379178,1,8,2,0.571428571428571,0,9.33953749200337,9.59166304662544,"Error in try(mod@likelihood, TRUE) : 
  trying to get slot \"likelihood\" from an object of a basic class (\"NULL\") with no slots
","Error in try((mod@likelihood - mean(like.nulls))/sd(like.nulls), TRUE) : 
  trying to get slot \"likelihood\" from an object of a basic class (\"NULL\") with no slots
",-44.6946150659614,-2.06836674246631,-21.0838412594756,-23.3439427139346,-39.6206557292537,-40.8314042388037,-17.5768791406799,0.381751451381602
"LaRocina","2",0.904761904761905,2,6.7948717948718,3.56386841256147,0.169708019645784,2.91249440333105,0.664645527319531,0.956176490227,0.333333333333333,16,5,0.348593073593074,0.147698179956244,10.2017660677931,13.35002825935,"0.571429","0.225264608102572",-20.4058116293981,5.3320649453076,-6.75893973194218,-10.1531001248579,-37.5995066797679,-39.8473555557794,-19.974113786297,-1.58299550241833
"LaRocina","3",0.866666666666667,2,5.73770491803279,2.71892874571564,0.181261916381043,2.47995552054452,0.655346523418463,0.883548333696341,0.58688267143572,11,4,0.349464570517202,0.114455592716462,10.9212314643464,12.3957759773167,"0.519531","0.973742848007544",-14.4133007976813,4.27596210348258,-6.60430900274349,-9.14197583207809,-26.4824129056964,-28.3070219028225,-27.3967278400774,-1.44395911069633
"LaRocina","4",0.85,3,0,3.34236793543491,0.167118396771745,2.79851325694329,0.648180882807602,0.953012084932101,0.499999999999999,15,5,0.355555555555556,0.0939393939393939,9.26560495968146,12.9554685666887,"0.614958","1.63703776572847",-18.1721532219709,NA,-9.61727598190051,-12.7925255205637,-39.0580416024518,-41.2083739765876,-50.1036203489422,-0.793805812174527
"LaRocina","5",0.875,4,0,4.67497707411262,0.146093033566019,3.2142612289819,0.62234161206493,0.78259934131952,0.587223810437899,25,7,0.320777777777778,0.0253605224596527,18.5615809669791,21.8317119863111,"0.583984","1.12049005542722",-23.9436093927489,-2.48905946037414,-5.45741067533231,-9.9862947158789,-46.4863822508116,-49.0783018677285,-17.4594564942478,-1.26119325107525
"LaRocina","6",0.91304347826087,3,2.45398773006135,4.51840967435153,0.196452594537023,2.97613880133844,0.661392151975175,0.905716365355975,0.547180468885216,18,5,0.40425115915312,0.0409972487347577,14.2123347462275,15.5713519700863,"0.5056","0.937649671262679",-18.4062443623003,0.315691753434358,-8.21104231864935,-12.5329993984639,-40.5869703912747,-42.9017170406379,-28.2872777155234,-2.18827122009599
"LaRocina","7",0.84,4,3.84024577572965,3.57060016671877,0.142824006668751,3.02802907330741,0.639337457309009,0.975081328547647,0.296081910965866,19,6,0.274296853244222,0.0485232067510548,9.90878659954759,14.5976715121189,"0.644628",NA,-26.8513622657057,2.80552509964518,-12.5178096865637,-15.9455858466137,-56.7794191724488,-59.1681107884472,-41.9295148987924,-0.96458466686627
"Lasmulas","1",0.727272727272727,3,0,2.15095307012067,0.195541188192788,1.97300140639361,0.592100935092329,0.847836596631205,0.459147917027244,7,4,0.344322344322344,0.0555555555555556,9.03951031831646,9.96569160187824,"0.56","1.61699376959975",-12.9743751765198,-2.052491536747,-4.95338413157441,-6.90879601350229,-16.4438499392696,-17.8247504105709,-15.199019161903,-0.361641075601878
"Lasmulas","2",0.777777777777778,2,13.8888888888889,1.87395957646948,0.208217730718831,1.90615474653985,0.659484283062361,0.942873837077085,0.420619835714305,6,3,0.276190476190476,0.19047619047619,6.71938976887121,6.82842712474619,"0.46875",NA,-13.409688957645,12.9888888888889,-6.58694529159792,-8.25268713734857,-18.4765444160463,-19.7232148795238,-25.7542003486128,-1.0062683257422
"Lasmulas","3",0.833333333333333,2,10.2564102564103,2.45153474964766,0.204294562470638,2.17618566156031,0.660283184525022,0.865089305191723,0.47870397138568,9,3,0.407407407407407,0.225806451612903,10.6670065892301,10.4721359549996,"0.484444","2.16820866822104",-18.8886906621076,7.18475363827321,-9.43356272861618,-11.6808029157932,-30.3106520201719,-31.8265544972072,-16.8634051230618,-0.637122805479451
"Lasmulas","4",0.958333333333333,3,5.52016985138004,3.00159242587214,0.125066351078006,3.07801456774747,0.644054202027636,0.911519634894021,0.287322507379175,17,7,0.192910539215686,0.108459109379765,18.0639229785004,17.4502030620201,"0.556213","-0.259250989488434",-19.4901100714078,3.5355853346385,-8.36329678930611,-11.2398228641002,-42.6780887549512,-45.112049120671,-25.1239084992427,-1.92877001699497
"Lasmulas","5",0.823529411764706,3,2.63157894736842,2.39944510745039,0.141143829850023,2.61563057702755,0.6388398771226,0.965245435128763,0.25,12,5,0.234159779614325,0.185714285714286,9.21904018731659,11.1816034589581,"0.666667",NA,-19.2620877893228,1.46924607269151,-8.23298502905196,-10.4912863066523,-30.4560691880149,-32.4328598879199,-20.4202075881744,-1.02962342721161
"Lasmulas","6",0.6,4,0,1.33333333333333,0.133333333333333,1.79175946922805,0.556641376279689,1,0,5,5,0.1,0.1,6.29252873988395,6.29252873988395,"0.722222","0.937578710863208",-29.662043057269,NA,-18.7736617181407,-19.9736617181407,-37.3807670026607,-38.615885095609,-71.6513876213745,-0.203100960115899
"Lasmulas","7",0.928571428571429,1,0,3.22742347782793,0.230530248416281,2.38542864127748,0.682231798256716,0.7801978864199,0.695387763097406,11,3,0.472727272727273,0.152354356874491,13.9272908971027,15.2031898353666,"0.4275","2.62239754166845",-13.8417141242394,-3.22957174845541,-8.37771721951077,-11.3746104489224,-29.3979764160408,-31.1011732590616,-20.9316380538963,-1.77806336727631
"Elpozo","1",0.9,2,16.6666666666667,2.48048855388523,0.248048855388523,2.09472904752765,0.688032060980311,0.870390481833875,0.286679559916098,7,3,0.39422084623323,0.253623188405797,9.74030169769527,8.67004637770997,"0.3125","-0.952877343854376",-12.8825561044556,14.6474487675012,-7.17037656559254,-9.40281626408924,-18.9744039114166,-20.3811008979639,-14.9490952100121,-1.44541988081263
"Elpozo","2",0.909090909090909,2,8,2.39215531808952,0.217468665280866,2.27186851269656,0.667961384701028,0.955181221416449,0.166666666666667,6,5,0.332611832611833,0.209090909090909,8.38559113841653,9.10111274431343,"0.404959","-1.03271425638108",-10.5966691076306,6.63031173150758,-5.19361130710021,-7.36829795990887,-17.2369204063188,-18.8408275343143,-23.8445679985205,-1.67396101788571
"Elpozo","3",0.888888888888889,1,5.55555555555556,2.30007469857024,0.255563855396693,1.99150936135661,0.689014953151282,0.91044394669812,0.470247787686942,6,3,0.403921568627451,0.330611849390919,10.8967674238842,9.93113459685063,"0.449704","2.01370885516831",-11.1730108324837,3.42746197259636,-7.37071942905636,-9.4152302722299,-18.7834968945631,-20.0859913027684,-16.6046187504738,-1.53089565107013
"Elpozo","4",0.928571428571429,1,0,3.15508865601316,0.225363475429512,2.47995552054452,0.672278818376352,0.883548333696341,0.372789450424941,10,4,0.435555555555556,0.341699857447889,9.66036285989614,10.434576981683,"0.507812","1.77493356516563",-15.4036021857355,-2.40663074280255,-7.10367463412822,-10.0333998147119,-26.5664642180381,-28.3741409202063,-22.6020379614743,-1.77843295712797
"Elpozo","5",0.764705882352941,4,0,3.84615384615385,0.226244343891403,2.56494935746154,0.649149872836091,1,NA,13,4,0.474358974358974,0,5.65685424949238,9.57371777707008,"Error in try(mod@likelihood, TRUE) : 
  trying to get slot \"likelihood\" from an object of a basic class (\"NULL\") with no slots
","Error in try((mod@likelihood - mean(like.nulls))/sd(like.nulls), TRUE) : 
  trying to get slot \"likelihood\" from an object of a basic class (\"NULL\") with no slots
",-Inf,NA,-Inf,-Inf,-Inf,-Inf,-Inf,NA
"Elpozo","6",0.5,3,0,1,0.166666666666667,1.09861228866811,0.5,1,NA,3,3,0,0,4.24264068711929,4.24264068711929,"0.666667","NaN",-Inf,NA,-Inf,-Inf,-Inf,-Inf,-Inf,NA
"Pinodelcuervo","1",0.8125,3,0,2.30809545533182,0.144255965958239,2.52321095295289,0.651790218550583,0.945375642815022,0.666666666666666,12,4,0.242424242424242,0.0416666666666667,9.57864565703005,11.9143154139977,"0.653333",NA,-18.5253278787544,NA,-11.3216113573005,-13.485450846674,-36.1007686629841,-37.9721893973864,-44.9637607263829,-0.22335888423835
"Pinodelcuervo","2",0.818181818181818,3,0,2,0.181818181818182,2.19722457733622,0.646015014942309,1,0,6,5,0.253333333333333,0.233333333333333,6.14626436994197,6.86217303667007,"0.567901","0.00588501544237667",-11.5539923239709,-0.479437033961399,-6.67653486336624,-8.49471668154806,-17.6950402933275,-19.2462498557214,-30.2689353544751,-0.924900044327403
"Pinodelcuervo","3",0.727272727272727,3,12.962962962963,2.03422787810594,0.18492980710054,2.04319187054512,0.613165207689396,0.947647173646085,0.420619835714305,7,4,0.285714285714286,0.0854700854700855,7.51379094493999,8.40821252127009,"0.469136",NA,-13.1914311140586,11.8899540680645,-5.14663117433759,-6.99592924534299,-18.0011468444333,-19.431173507289,-20.7878771815944,-0.877690865456708
"Pinodelcuervo","4",0.692307692307692,4,0,1.66666666666667,0.128205128205128,2.19722457733622,0.613147192765458,1,NA,9,4,0.166666666666667,0,5.65685424949238,8.47213595499958,"Error in try(mod@likelihood, TRUE) : 
  trying to get slot \"likelihood\" from an object of a basic class (\"NULL\") with no slots
","Error in try((mod@likelihood - mean(like.nulls))/sd(like.nulls), TRUE) : 
  trying to get slot \"likelihood\" from an object of a basic class (\"NULL\") with no slots
",-Inf,NA,-Inf,-Inf,-Inf,-Inf,-Inf,NA
"Pinodelcuervo","5",0.647058823529412,6,0,1.58333333333333,0.0931372549019608,2.36938211969468,0.565531592836852,0.958200460752105,1,11,6,0.127272727272727,0,10.128990204492,12.2815944538108,"Error in try(mod@likelihood, TRUE) : 
  trying to get slot \"likelihood\" from an object of a basic class (\"NULL\") with no slots
","Error in try((mod@likelihood - mean(like.nulls))/sd(like.nulls), TRUE) : 
  trying to get slot \"likelihood\" from an object of a basic class (\"NULL\") with no slots
",-40.7612418254632,NA,-27.7205140923251,-29.2107101707565,-72.1021949762707,-73.9060455031285,-81.9060627362558,0.687090927085698
"Pinodelcuervo","6",0.96551724137931,4,6.25,4.5797506248138,0.157922435338407,3.29982968566709,0.655124228106865,0.956524906965136,0.27894294565113,22,7,0.301752548740439,0.0534413034030985,16.0938606305191,18.3828068150412,"0.543184","-0.714641197464979",-24.5880855711862,3.93339423990788,-10.9957907189976,-15.417618908473,-56.6135333593208,-59.258238816881,-34.6010227829588,-2.52544653351565
"Pinodelcuervo","7",0.923076923076923,1,2.38095238095238,2.66689574804053,0.205145826772349,2.45831132968308,0.686004838233728,0.960842907662783,0.210309917857153,9,4,0.361111111111111,0.243788703220752,7.61503417461675,9.13756865905126,"0.514793","0.122504975323373",-14.4025995529226,1.15864884357086,-7.63734320005653,-10.0990931213247,-25.6515524948069,-27.4238589862563,-33.7269658935933,-1.30316059862356
"Bonares","1",0.75,2,0,2.66666666666667,0.333333333333333,1.79175946922805,0.72105705434887,1,NA,6,2,0.666666666666667,0,2.82842712474619,4.89897948556636,"Error in try(mod@likelihood, TRUE) : 
  trying to get slot \"likelihood\" from an object of a basic class (\"NULL\") with no slots
","Error in try((mod@likelihood - mean(like.nulls))/sd(like.nulls), TRUE) : 
  trying to get slot \"likelihood\" from an object of a basic class (\"NULL\") with no slots
",-Inf,NA,-Inf,-Inf,-Inf,-Inf,-Inf,NA
"Bonares","2",1.15384615384615,1,20.6349206349206,3.15913136115109,0.24301010470393,2.62299627608579,0.731961047543915,0.900058919282626,0,9,4,0.306082283862054,0.723407812737498,14.6705092791938,8.31319304793945,"0.28","-1.90858142796002",-19.6471306241957,17.7994706138745,-13.1724685042566,-16.0885897607038,-38.7810605327786,-40.6720957613205,-19.3798882659637,-1.6156647809119
"Bonares","3",1,1,17.741935483871,3.13894001791707,0.261578334826423,2.34393298130802,0.659269624455867,0.823334261589117,0,7,5,0.499522616063969,0.617696002744896,12.1023616291037,10.8633338736026,"0.380623","0.482063212401955",-14.6554981182079,15.090905419625,-4.0624222272272,-6.93978391031785,-18.8720975450968,-20.556760901949,-9.80554727697095,-0.982336754420835
"Bonares","4",0.875,2,0,3.06488190271267,0.191555118919542,2.61563057702755,0.675663849450722,0.965245435128763,0.333333333333334,12,4,0.345959595959596,0.0595595595595596,9.07876689889791,10.6641591853969,"0.546667",NA,-16.1944376214505,NA,-8.78809091697545,-11.6614177007686,-31.7919906768822,-33.731957404459,-43.9869335444129,-0.781999238522806
"Bonares","5",0.833333333333333,3,3.40909090909091,2.95710678118655,0.164283710065919,2.68594532466979,0.643434629086759,0.967097693054393,0.249999999999999,13,5,0.29020979020979,0.125313479623824,8.81989314118509,11.5935781990998,"0.617188",NA,-19.9921126402827,1.81943640999379,-6.77624938030917,-9.5690724514298,-33.6130389050401,-35.6555496006231,-21.4281209430023,-1.2831619866582
"Bonares","6",0.75,3,0,2.42866094677138,0.202388412230948,2.16395565688206,0.656572441191698,0.951700470111151,1,9,3,0.361111111111111,0,5.57138245316996,8.3166247903554,"0.54",NA,-18.6507388743685,NA,-9.36737445031972,-11.5936469848601,-30.6082022892285,-32.1155855049189,-40.1036925367115,0.170562780136486
"Bonares","7",0.733333333333333,4,0,2.15320589321199,0.143547059547466,2.35167330190463,0.621447001711074,0.940866486160396,1,11,4,0.254545454545455,0,8.90979497659165,11.4413740387759,"Error in try(mod@likelihood, TRUE) : 
  trying to get slot \"likelihood\" from an object of a basic class (\"NULL\") with no slots
","Error in try((mod@likelihood - mean(like.nulls))/sd(like.nulls), TRUE) : 
  trying to get slot \"likelihood\" from an object of a basic class (\"NULL\") with no slots
",-21.0394303853882,NA,-13.8755501876193,-15.8852090212838,-38.6117817490817,-40.3420080492752,-46.483812436296,0.201318077303674
"Niebla","1",0.625,3,0,1.38913706037724,0.173642132547155,1.56071040904141,0.576322554288756,0.930305955037786,1,5,3,0.2,0,6.06449510224598,6.82729186141665,"0.611111",NA,-11.0661023860028,NA,-6.73185910961509,-7.94735403744518,-13.7680815981865,-14.7524694529392,-28.0661738831447,0.253759422170035
"Niebla","2",0.9,1,0,2.33333333333333,0.233333333333333,2.19722457733622,0.691374248086811,1,0,6,4,0.326666666666667,0.288888888888889,6.8241482940393,6.68739260883036,"0.45679","-0.558178628617974",-10.9043250358603,-0.638028441349446,-5.2742896430303,-7.3742896430303,-15.8229816640256,-17.328831993275,-23.2526304389195,-1.04609382764531
"Niebla","3",0.833333333333333,3,9.87654320987654,2.43824763530204,0.135458201961224,2.65258753472015,0.620246580139961,0.937809279644017,0.435622413502457,12,6,0.198793021180228,0.112864982939161,13.7598709014825,15.3351346135278,"0.587258","0.959641145642277",-14.7248443003645,8.06517482163466,-6.84306365841306,-9.14585309175388,-27.6847519720826,-29.7170929266628,-21.0037026156167,-1.45882174646039
"Niebla","4",0.76,6,0,2.32991081110936,0.0931964324443742,2.926417555498,0.595689626803397,0.972886536884392,0.296081910965865,17,8,0.136029411764706,0.0327825159914712,14.2106020129095,16.8115081974363,"0.7475","0.810415742219935",-32.1043400950715,-0.496264909088855,-13.5288798885642,-15.7655942672292,-66.7533196877181,-69.0840476164128,-51.7373444142942,-0.631117397510398
"Niebla","5",0.826086956521739,5,0,2.62991081110936,0.114343948309102,2.926417555498,0.620200965459758,0.972886536884392,0.25,16,7,0.175,0.0277898393399913,13.3434777195195,15.7978694463352,"0.6475","-0.510638740084679",-23.906566539134,NA,-12.8585063299881,-15.3740731927884,-51.5922541002599,-53.898470690298,-54.8521824640897,-0.673626064153117
"Niebla","6",0.75,6,2.70700636942675,2.44862973971439,0.102026239154766,2.82156380786037,0.590393575710541,0.898993886506805,0.710309917857152,17,7,0.17436974789916,0.0168067226890756,16.384638476434,17.3351643787914,"0.709751","2.27076727809637",-26.0291505321921,1.31398565425904,-12.8633241089648,-15.2099276095244,-55.7141495104598,-57.9453197426096,-48.8290021674998,-0.761700460959672
"Niebla","7",0.75,3,0,2,0.166666666666667,2.19722457733622,0.633985000288462,1,0,8,4,0.238095238095238,0.0555555555555555,6.68043575697742,8.05511469154196,"0.604938",NA,-19.3559692628831,NA,-10.623916179463,-12.4572495127964,-30.0060181181125,-31.5692576951603,-42.3166804445946,-0.574456264653803
"ConventodelaLuz","1",0.666666666666667,3,0,1.5,0.166666666666667,1.79175946922805,0.598104004501844,1,0,5,4,0.166666666666667,0.111111111111111,5.56047793231507,6.21586659506282,"0.611111","0.0264846005302961",-17.3370829427897,NA,-11.9109563417379,-13.2442896750712,-21.585213810588,-22.7788692753142,-42.5654861600435,-0.367423461417477
"ConventodelaLuz","2",0.933333333333333,1,1.63934426229508,3.12021994528893,0.208014663019262,2.55323700299371,0.674711695235531,0.892207008336911,0.271096611167892,11,4,0.345454545454545,0.353135140454793,12.0746577735938,11.9265475263965,"0.5","1.12212870995682",-15.5425247187576,-1.38364352772036,-4.733717259177,-7.64592254144667,-24.6214177419191,-26.4999430496773,-12.4970098203268,-1.26546636284598
"ConventodelaLuz","3",1,2,16.6666666666667,3.77050240606529,0.16393488722023,2.99775670327198,0.626164360030826,0.832941596250925,0.184383723820066,15,8,0.307975539942753,0.303951341029675,17.7283362036949,19.609703264079,"0.445369","0.216064358424632",-16.1953908553038,12.3923657665213,-5.06438973597146,-8.67095725481652,-29.0861694094878,-31.457761752729,-15.4958025933146,-2.14851577561943
"ConventodelaLuz","4",0.9375,1,0,3.4,0.2125,2.70805020110221,0.661412384802437,1,0,10,6,0.323809523809524,0.508994708994709,7.30056307974577,7.77475635600434,"0.533333","-0.487803313565625",-17.0355680872963,-2.38734253510681,-4.32820247169098,-7.51570247169098,-25.5568564118379,-27.6034942281377,-15.5129503105302,-1.4577181033961
"ConventodelaLuz","5",0.7,3,10,1.74895957646948,0.174895957646948,1.90615474653985,0.592180267350915,0.942873837077085,0.420619835714305,5,5,0.109090909090909,0.215538847117794,8.87245139071821,8.00996767509825,"0.5","-0.571920021518058",-11.4684781924856,9.22486405655143,-5.09641459748625,-6.67047821630878,-15.3980274682529,-16.7120019474419,-22.0370699758965,-0.753764890413084
"ConventodelaLuz","6",0.777777777777778,2,0,2.28571428571429,0.253968253968254,1.94591014905531,0.649560765570943,1,0,5,4,0.45,0.3,4.53553390593274,5.21432662413146,"0.469388","0.092182274418973",-9.94022630464313,-1.05659026056623,-3.54062910666706,-5.5723751384131,-12.1626868254752,-13.4590362089596,-19.9141921526794,-1.03681864058139
"Urbanizaciones","1",0.866666666666667,2,0,3.07692307692308,0.205128205128205,2.56494935746154,0.677806771222962,1,0,11,4,0.366666666666667,0.0703703703703704,7.69353659446911,9.38515517002342,"0.526627",NA,-18.0368265201269,NA,-8.64363271683114,-11.515427588626,-33.3668754570268,-35.2540180432654,-43.8860090185089,-1.12465770385976
"Urbanizaciones","3",0.941176470588235,2,2.38095238095238,3.27400258051637,0.192588387089198,2.70726970978481,0.685169000599329,0.893604119446729,0.237293093462235,13,4,0.337121900951688,0.19871336220423,11.4254980078613,11.7779495938465,"0.527778","0.262829681855146",-19.826049384087,-0.00194485465047611,-6.93232063324508,-10.0137348266722,-32.3393685485553,-34.3614692577409,-16.7763316773749,-1.19770966502613
"Urbanizaciones","4",0.666666666666667,3,0,1.47640319460907,0.164044799401007,1.74786809746676,0.583452704668155,0.937182366305252,0.5,4,5,0.0714285714285714,0.166666666666667,7.87642507250715,6.79654590981486,"0.591837","0.907657733909861",-10.2781951415062,NA,-6.62641981704212,-7.93877821225018,-13.8829570716515,-15.0473724644501,-31.1796631048237,-0.16332495807108
"Urbanizaciones","5",0.923076923076923,1,0,2.84284233600178,0.218680179692445,2.40364041061495,0.670748627786103,0.874457826169051,0.41311732856428,9,4,0.413888888888889,0.169213355970572,9.22112331445607,10.8847195636476,"0.47449","0.667095763889209",-14.0744164332083,-1.57927402559661,-7.34499596016923,-9.96915811647856,-25.0769669243456,-26.8098587071745,-28.5477148118816,-2.16312544786937
"Urbanizaciones","6",0.714285714285714,2,0,1.64421867160095,0.234888381657278,1.47507631105469,0.640617502277259,0.821396437668066,1,5,2,0.4,0,7.15763005262566,7.21110255092798,"Error in try(mod@likelihood, TRUE) : 
  trying to get slot \"likelihood\" from an object of a basic class (\"NULL\") with no slots
","Error in try((mod@likelihood - mean(like.nulls))/sd(like.nulls), TRUE) : 
  trying to get slot \"likelihood\" from an object of a basic class (\"NULL\") with no slots
",-18.0158768254267,-2.07507705398685,-10.5036564947608,-11.9129867847045,-18.5504058683919,-19.3848646771693,-24.5679765384441,0.650200699597901
"Urbanizaciones","7",0.833333333333333,2,0,2.94494078742115,0.245411732285096,2.25385758960135,0.75235614660835,0.938481778950082,1,10,2,0.466666666666667,0,4.65028153987288,8,"Error in try(mod@likelihood, TRUE) : 
  trying to get slot \"likelihood\" from an object of a basic class (\"NULL\") with no slots
","Error in try((mod@likelihood - mean(like.nulls))/sd(like.nulls), TRUE) : 
  trying to get slot \"likelihood\" from an object of a basic class (\"NULL\") with no slots
",-14.527285084718,NA,-8.93658460360178,-11.6361136587378,-26.2549179016262,-27.7564193446193,-39.9035802712282,-0.230508586144525
"CotitodeSantaTeresa","1",0.6,4,0,1.33354605175192,0.133354605175192,1.74786809746676,0.549980645631605,0.937182366305252,1,6,4,0.133333333333333,0,7.47870866461908,8.17608490102927,"0.693878",NA,-19.7255839619733,NA,-11.6029755321115,-12.8031669786883,-26.9379576248966,-28.1358450767317,-45.7764443340649,0.615381962873868
"CotitodeSantaTeresa","2",0.785714285714286,3,0,1.84354024804979,0.131681446289271,2.31142344469197,0.607204723534982,0.868624938206776,0.543112347358943,9,5,0.180555555555556,0.09,12.3971307071907,12.344068074718,"0.64497","1.68869071786593",-14.3779094194219,-0.643819747041972,-8.31498691961119,-10.0268457213717,-26.3981822517745,-28.1024009729315,-35.4278503546995,-0.712081521126354
"CotitodeSantaTeresa","3",0.882352941176471,2,0,3.53333333333333,0.207843137254902,2.70805020110221,0.724529045546289,1,0,14,3,0.384615384615385,0.0833333333333333,5.26441573487495,9.05504101824717,"0.555556",NA,-29.2678879704154,NA,-17.0308926762584,-20.3563828723368,-56.9158121303353,-58.8993332858911,-57.5347425013651,-0.762514636861858
"CotitodeSantaTeresa","4",0.769230769230769,3,0,2.3,0.176923076923077,2.30258509299405,0.676992492528845,1,NA,10,3,0.288888888888889,0,4.24264068711929,7.72740661031255,"Error in try(mod@likelihood, TRUE) : 
  trying to get slot \"likelihood\" from an object of a basic class (\"NULL\") with no slots
","Error in try((mod@likelihood - mean(like.nulls))/sd(like.nulls), TRUE) : 
  trying to get slot \"likelihood\" from an object of a basic class (\"NULL\") with no slots
",-Inf,NA,-Inf,-Inf,-Inf,-Inf,-Inf,NA
"CotitodeSantaTeresa","5",0.739130434782609,6,0,2.96304568679241,0.128828073338801,2.81335540450062,0.608296636127209,0.970269857801986,1,17,6,0.257352941176471,0,10.3071357893653,14.0794735655741,"Error in try(mod@likelihood, TRUE) : 
  trying to get slot \"likelihood\" from an object of a basic class (\"NULL\") with no slots
","Error in try((mod@likelihood - mean(like.nulls))/sd(like.nulls), TRUE) : 
  trying to get slot \"likelihood\" from an object of a basic class (\"NULL\") with no slots
",-38.094499275858,NA,-17.8935886494929,-20.7278062629465,-78.8432317343081,-81.0482905026815,-72.1489969668336,0.364102054427679
"CotitodeSantaTeresa","6",0.857142857142857,2,0,2.91666666666667,0.208333333333333,2.484906649788,0.673620995399231,1,0,10,4,0.388888888888889,0.1,6.49787879314745,8.81155945282434,"0.493056",NA,-17.7716531537733,NA,-9.46463253001087,-12.1729658633442,-31.7523174373675,-33.5636030917562,-42.3832170302546,-1.06684734864278
"Elpinar","2",0.823529411764706,3,5.26315789473684,3.00099906584392,0.176529356814348,2.55779386010773,0.624713875746587,0.886850137665543,0.286679559916098,12,5,0.335858585858586,0.117897727272727,11.4316647923593,13.1116806189222,"0.539792",NA,-16.3506666295851,3.00168064153185,-6.64701197208289,-9.47148168111246,-25.9924851111873,-27.9255650955485,-15.6003716758221,-0.791561342593711
"Elpinar","3",0.875,1,0,2.71428571428571,0.339285714285714,1.94591014905531,0.718565020789978,1,0,5,3,0.75,0.222222222222222,3.20710678118655,5.41421356237309,"0.326531",NA,-9.4035120123138,NA,-4.31197330927838,-6.68697330927838,-13.1572572496363,-14.3846023779016,-37.1693571133315,-1.67324614153946
"Elpinar","4",0.8,1,0,2,0.4,1.38629436111989,0.773705614469083,1,0,3,2,0.777777777777778,0.5,2,2.82842712474619,"0.25","-1.1",-6.1,NA,-2.90335218690653,-4.50335218690653,-5.51370563888011,-6.12629438553092,-20.5066017177982,NA
"Elpinar","5",0.8,4,8.58585858585859,3.00989528563639,0.15049476428182,2.65258753472015,0.588044812942622,0.807019575200714,0.254421099150119,13,7,0.363960113960114,0.117685264391851,13.4571264936498,16.2004683278253,"0.481994",NA,-15.797537795395,4.95088413964405,-2.86680758715845,-5.72620810851302,-21.702897388165,-23.7674401099425,-10.0808265493876,-0.79852742322594
