"Site_id","species","norm_degree","weigh_closeness","d"
"Aznalcazar","Amegilla quadrifasciata",0.0588235294117647,0.00908680094058738,0.250038282061321
"Aznalcazar","Andrena carbonaria",0.0588235294117647,0.00907270470661048,0
"Aznalcazar","Andrena flavipes",0.117647058823529,0.0141002526498215,0.184553574282053
"Aznalcazar","Andrena hispania",0.0588235294117647,0.00907270470661048,0
"Aznalcazar","Andrena nigroaenaea",0.0588235294117647,0.00907270470661048,0
"Aznalcazar","Andrena nitidiuscula",0.0588235294117647,0.00907270470661048,0
"Aznalcazar","Andrena sp",0.0588235294117647,0.00870023175206595,0.0674681863591159
"Aznalcazar","Andrena tenuistriata",0.0588235294117647,0.00907270470661048,0
"Aznalcazar","Anthophora aestivalis",0.0588235294117647,0.00907270470661048,0
"Aznalcazar","Anthophora dispar",0.0588235294117647,0.014624324646125,0.233572158132718
"Aznalcazar","Anthophora sp",0.0588235294117647,0.014624324646125,0.233572158132718
"Aznalcazar","Apis mellifera",0.705882352941177,0.0402887650020334,0.129759143649612
"Aznalcazar","Asilidae NA",0.0588235294117647,0.0157506383809112,0.42251610659817
"Aznalcazar","Bombus terrestris",0.117647058823529,0.0306121601788905,0.389391682494758
"Aznalcazar","Calliphora sp",0.0588235294117647,0.0087327442645961,0.215375864919207
"Aznalcazar","Celastrina argiolus",0.0588235294117647,0.0087327442645961,0.215375864919207
"Aznalcazar","Ceratina cucurbitina",0.0588235294117647,0.0087327442645961,0.215375864919207
"Aznalcazar","Cerceris morpho1",0.0588235294117647,NA,1
"Aznalcazar","Cerceris sabulosa",0.0588235294117647,0.00870023175206595,0.0674681863591159
"Aznalcazar","Chalicodoma sicula",0.0588235294117647,0.00855030797389518,0.61608255998688
"Aznalcazar","Dasypoda argentata",0.0588235294117647,0.0157083341696965,0.163748535170459
"Aznalcazar","Dasypoda cingulata",0.117647058823529,0.0140715466042326,0.152576400818449
"Aznalcazar","Dasypoda crassicornis",0.294117647058824,0.0208474182481889,0.309527321399143
"Aznalcazar","Dasypoda sp",0.0588235294117647,0.00907270470661048,0
"Aznalcazar","Dasypogon morpho1",0.0588235294117647,0.00908680094058738,0.250038282061321
"Aznalcazar","Dasypogon sp",0.0588235294117647,0.00908680094058738,0.250038282061321
"Aznalcazar","Empis morpho1",0.0588235294117647,0.0087327442645961,0.215375864919207
"Aznalcazar","Eristalinus megacephalus",0.0588235294117647,0.0157506383809112,0.42251610659817
"Aznalcazar","Eristalinus taeniops",0.0588235294117647,0.00908680094058738,0.250038282061321
"Aznalcazar","Eristalis arbustorum",0.0588235294117647,0.00907270470661048,0
"Aznalcazar","Eucera alternans",0.0588235294117647,0.00870023175206595,0.0674681863591159
"Aznalcazar","Eucera codinai",0.0588235294117647,0.00907270470661048,0
"Aznalcazar","Eucera collaris",0.117647058823529,0.0141002526498215,0.225779321022125
"Aznalcazar","Eucera elongatula",0.176470588235294,0.0179990570550445,0
"Aznalcazar","Eucera hispaliensis",0.0588235294117647,0.00907270470661048,0
"Aznalcazar","Eucera sp",0.117647058823529,0.0232073530425832,0.416806248497205
"Aznalcazar","Flavipanurgus venustus",0.0588235294117647,0.024764518170088,0.289227976412683
"Aznalcazar","Heliotaurus ruficollis",0.0588235294117647,0.00907270470661048,0
"Aznalcazar","Hoplitis adunca",0.117647058823529,0.00922684998575432,0.325109494347919
"Aznalcazar","Lasioglossum morpho1",0.0588235294117647,0.00509761969635383,0.69575262710317
"Aznalcazar","Macroglossum stellatarum",0.117647058823529,0.00884599633887497,0.360021305829048
"Aznalcazar","Merodon morpho1",0.0588235294117647,0.00908680094058738,0.250038282061321
"Aznalcazar","Merodon sp",0.235294117647059,0.0208518163449059,0.280561061703181
"Aznalcazar","Myathropa florea",0.117647058823529,0.0140715466042326,0.152576400818449
"Aznalcazar","Nomada merceti",0.0588235294117647,0.00907270470661048,0
"Aznalcazar","Nomada succincta",0.0588235294117647,0.0087327442645961,0.215375864919207
"Aznalcazar","Osmia leaiana",0.117647058823529,0.00908270935993262,0.383213920933641
"Aznalcazar","Panurgus calcaratus",0.0588235294117647,0.0157083341696965,0.163748535170459
"Aznalcazar","Panurgus cephalotes",0.0588235294117647,NA,1
"Aznalcazar","Platynochaetus setosus",0.0588235294117647,0.00870023175206595,0.0674681863591159
"Aznalcazar","Potosia cuprea",0.0588235294117647,0.00854371663682942,0.362326934951591
"Aznalcazar","Pseudoanthidium lituratum",0.0588235294117647,0.00907270470661048,0
"Aznalcazar","Psilothrix viridicoerulea",0.0588235294117647,0.00908680094058738,0.250038282061321
"Aznalcazar","Rhodanthidium septendentatum",0.0588235294117647,0.00907270470661048,0
"Aznalcazar","Rhyncomyia cuprea",0.117647058823529,0.0141919958985679,0.111447513256426
"Aznalcazar","Stomorhina lunata",0.0588235294117647,0.00908680094058738,0.250038282061321
"Aznalcazar","Syritta pipiens",0.0588235294117647,0.0157506383809112,0.42251610659817
"Aznalcazar","Syrphidae NA",0.0588235294117647,0.00864769498989366,0.42412383998032
"Aznalcazar","Systropha planidens",0.0588235294117647,0.00907270470661048,0
"Aznalcazar","Tabanus morpho1",0.0588235294117647,NA,0.69575262710317
"Aznalcazar","Tabanus morpho2",0.0588235294117647,NA,0.883791146828555
"Aznalcazar","Tropinota squalida",0.0588235294117647,0.0147164219720811,0.38664356168331
"Aznalcazar","Volucella elegans",0.0588235294117647,0.00864769498989366,0.42412383998032
"Aznalcazar","Xylocopa cantabrita",0.470588235294118,0.0317019279797226,0.189471029369987
"Villamanriquesur","Amegilla albigena",0.0833333333333333,0.0180393191053841,0.649259559465644
"Villamanriquesur","Andrena flavipes",0.166666666666667,0.0144714133121504,0.436546100167768
"Villamanriquesur","Andrena hispania",0.0833333333333333,0.0101101340626327,0
"Villamanriquesur","Andrena nigroaenaea",0.25,0.0178001519372738,0.152414930862007
"Villamanriquesur","Andrena sp",0.0833333333333333,0.0101101340626327,0
"Villamanriquesur","Anthophora sp",0.0833333333333333,0.00969444521074628,0.0397136697608144
"Villamanriquesur","Apis mellifera",0.75,0.0288346996438625,0.140272021090098
"Villamanriquesur","Bibio sp",0.0833333333333333,0.0101101340626327,0
"Villamanriquesur","Bombus terrestris",0.0833333333333333,0.0148224892768841,0.239959959204946
"Villamanriquesur","Calliphora sp",0.0833333333333333,0.0101101340626327,0
"Villamanriquesur","Callophrys rubi",0.0833333333333333,0.00969444521074628,0.0397136697608144
"Villamanriquesur","Dasypoda albimana",0.0833333333333333,0.0100020310078011,0.569323441926607
"Villamanriquesur","Dasypoda cingulata",0.25,0.0129532196120856,0.490227358127096
"Villamanriquesur","Dasypoda crassicornis",0.333333333333333,0.0206834970024216,0.25529942864193
"Villamanriquesur","Dasypoda iberica",0.0833333333333333,0.0101101340626327,0
"Villamanriquesur","Dasypoda sp",0.0833333333333333,0.00970374226363537,0.395469022438916
"Villamanriquesur","Dilophus morpho1",0.0833333333333333,0.0220359196412541,0.29074655262927
"Villamanriquesur","Empis morpho1",0.0833333333333333,0.0148224892768841,0.239959959204946
"Villamanriquesur","Empis morpho2",0.0833333333333333,0.0148224892768841,0.239959959204946
"Villamanriquesur","Empis sp",0.166666666666667,0.0213966290745305,0.182662570098133
"Villamanriquesur","Empis tessellata",0.0833333333333333,0.00969444521074628,0.0397136697608144
"Villamanriquesur","Empis testacea",0.0833333333333333,0.0149647124583306,0.709571283978121
"Villamanriquesur","Eristalinus taeniops",0.0833333333333333,0.0101101340626327,0
"Villamanriquesur","Eucera bolivari",0.0833333333333333,0.0101101340626327,0
"Villamanriquesur","Eucera collaris",0.0833333333333333,0.0101101340626327,0
"Villamanriquesur","Eucera sp",0.0833333333333333,0.0101101340626327,0
"Villamanriquesur","Exosoma lusitanicum",0.0833333333333333,0.00694354142225316,0.443358623720311
"Villamanriquesur","Glaucopsyche alexis",0.0833333333333333,0.00969444521074628,0.0397136697608144
"Villamanriquesur","Hoplitis adunca",0.0833333333333333,0.00970714808133539,0.35398516288991
"Villamanriquesur","Lasioglossum albocinctum",0.0833333333333333,0.0100543906820176,0.395469022438916
"Villamanriquesur","Lasioglossum leucozonium",0.0833333333333333,0.00970714808133539,0.35398516288991
"Villamanriquesur","Lasioglossum malachurum",0.166666666666667,0.0149679519826122,0.181481320963297
"Villamanriquesur","Lasioglossum sp",0.0833333333333333,0.00970374226363537,0.395469022438916
"Villamanriquesur","Machimus sp",0.0833333333333333,0.0086831508790973,0.658696902757007
"Villamanriquesur","Megascolia maculata",0.0833333333333333,0.00970714808133539,0.35398516288991
"Villamanriquesur","Merodon sp",0.0833333333333333,0.0101101340626327,0
"Villamanriquesur","Nomada sp",0.0833333333333333,0.0148224892768841,0.239959959204946
"Villamanriquesur","Oxythyrea funesta",0.0833333333333333,0.0100543906820176,0.395469022438916
"Villamanriquesur","Pangonius micans",0.0833333333333333,0.00970374226363537,0.395469022438916
"Villamanriquesur","Panurgus banksianus",0.0833333333333333,0.010369536740013,0.752133465923619
"Villamanriquesur","Panurgus calcaratus",0.0833333333333333,0.00694354142225316,0.443358623720311
"Villamanriquesur","Panurgus dargius",0.166666666666667,0.0101101340626327,0.489870441591059
"Villamanriquesur","Pieris brassicae",0.0833333333333333,0.00949714968525316,0.443358623720311
"Villamanriquesur","Pieris rapae",0.0833333333333333,0.00949714968525316,0.443358623720311
"Villamanriquesur","Sphaerophoria scripta",0.0833333333333333,0.0101101340626327,0
"Villamanriquesur","Tropinota squalida",0.0833333333333333,0.0100543906820176,0.395469022438916
"Villamanriquesur","Usia morpho1",0.0833333333333333,0.0100543906820176,0.395469022438916
"Villamanriquesur","Zerynthia rumina",0.0833333333333333,0.00969444521074628,0.0397136697608144
"Villamanriqueeste","Andrena fertoni",0.111111111111111,0.00840407053988572,0.217154395247197
"Villamanriqueeste","Andrena flavipes",0.222222222222222,0.0203680974008106,0.108005344058877
"Villamanriqueeste","Andrena florea",0.111111111111111,0.00840407053988572,0.217154395247197
"Villamanriqueeste","Andrena hispania",0.111111111111111,0.0176514223028913,0.359082971807909
"Villamanriqueeste","Andrena nigroaenaea",0.222222222222222,0.0125030907978813,0
"Villamanriqueeste","Anthophora dispar",0.111111111111111,0.00781537837880893,0.447133500553882
"Villamanriqueeste","Anthophora sp",0.111111111111111,0.0126377959876724,0.602785306943718
"Villamanriqueeste","Apis mellifera",0.888888888888889,0.0314635203692113,0.139375699489339
"Villamanriqueeste","Asilidae NA",0.111111111111111,0.00806398956528563,0.298347004031021
"Villamanriqueeste","Bembix oculata",0.111111111111111,0.0082133607278253,0.144189161476019
"Villamanriqueeste","Bombylella atra",0.111111111111111,0.00846527125039432,0
"Villamanriqueeste","Brachycoleus morpho1",0.111111111111111,0.00846527125039432,0
"Villamanriqueeste","Buprestidae NA",0.111111111111111,0.00806398956528563,0.298347004031021
"Villamanriqueeste","Ceratina cucurbitina",0.111111111111111,0.013300886200818,0.442438688167423
"Villamanriqueeste","Cerceris arenaria",0.111111111111111,0.0082133607278253,0.144189161476019
"Villamanriqueeste","Chasmatopterus villosulus",0.111111111111111,0.00846527125039432,0
"Villamanriqueeste","Colpa quinquecincta",0.111111111111111,NA,1
"Villamanriqueeste","Cryptocephalus morpho1",0.111111111111111,0.00806398956528563,0.298347004031021
"Villamanriqueeste","Dasypoda albimana",0.111111111111111,0.0144290631293414,0.120911302037583
"Villamanriqueeste","Dasypoda cingulata",0.111111111111111,0.0176514223028913,0.359082971807909
"Villamanriqueeste","Dasypoda crassicornis",0.222222222222222,0.0257497300008253,0.205235192449201
"Villamanriqueeste","Dasypoda iberica",0.111111111111111,0.00846527125039432,0
"Villamanriqueeste","Dilophus morpho1",0.111111111111111,0.0144290631293414,0.120911302037583
"Villamanriqueeste","Dischistus senex",0.111111111111111,0.0082133607278253,0.144189161476019
"Villamanriqueeste","Empis sp",0.111111111111111,0.00846527125039432,0
"Villamanriqueeste","Eodynerus posticus",0.111111111111111,0.00806398956528563,0.298347004031021
"Villamanriqueeste","Episyrphus balteatus",0.111111111111111,0.00846527125039432,0
"Villamanriqueeste","Eristalis sp",0.111111111111111,0.00840407053988572,0.217154395247197
"Villamanriqueeste","Eucera caspica",0.111111111111111,0.0188574200999833,0.195148221783809
"Villamanriqueeste","Eucera codinai",0.111111111111111,0.0188574200999833,0.195148221783809
"Villamanriqueeste","Eucera collaris",0.111111111111111,0.0082133607278253,0.144189161476019
"Villamanriqueeste","Eucera hispaliensis",0.222222222222222,0.012468657006729,0.420772595848125
"Villamanriqueeste","Eumenes coarctatus",0.111111111111111,0.0082133607278253,0.144189161476019
"Villamanriqueeste","Exosoma lusitanicum",0.111111111111111,0.00840407053988572,0.217154395247197
"Villamanriqueeste","Flavipanurgus venustus",0.111111111111111,0.0176514223028913,0.359082971807909
"Villamanriqueeste","Helophilus sp",0.111111111111111,0.00846527125039432,0
"Villamanriqueeste","Lasioglossum fulvipes",0.111111111111111,0.00806398956528563,0.298347004031021
"Villamanriqueeste","Lasioglossum imminutus",0.111111111111111,0.0082133607278253,0.144189161476019
"Villamanriqueeste","Lasioglossum malachurum",0.333333333333333,0.0155835624437362,0.0871576539995059
"Villamanriqueeste","Lasioglossum mediterraneum",0.111111111111111,0.00840407053988572,0.217154395247197
"Villamanriqueeste","Lasioglossum pauxillum",0.111111111111111,0.00846527125039432,0
"Villamanriqueeste","Lasioglossum sp",0.111111111111111,0.0142521562969167,0.354937734839226
"Villamanriqueeste","Malachius morpho1",0.111111111111111,0.00840407053988572,0.217154395247197
"Villamanriqueeste","Megascolia maculata",0.111111111111111,0.00806398956528563,0.298347004031021
"Villamanriqueeste","Musca morpho1",0.111111111111111,0.0144290631293414,0.120911302037583
"Villamanriqueeste","Musca sp",0.111111111111111,0.00840407053988572,0.217154395247197
"Villamanriqueeste","Nomada sp",0.111111111111111,0.0144290631293414,0.120911302037583
"Villamanriqueeste","Oxythyrea funesta",0.111111111111111,0.00840407053988572,0.217154395247197
"Villamanriqueeste","Panurgus banksianus",0.111111111111111,0.0082133607278253,0.144189161476019
"Villamanriqueeste","Panurgus calcaratus",0.111111111111111,0.0188574200999833,0.195148221783809
"Villamanriqueeste","Panurgus cephalotes",0.111111111111111,0.0082133607278253,0.144189161476019
"Villamanriqueeste","Panurgus dargius",0.222222222222222,0.0162253249964333,0.172196578029623
"Villamanriqueeste","Philanthus triangulum",0.111111111111111,0.00806398956528563,0.298347004031021
"Villamanriqueeste","Pseudapis diversipes",0.111111111111111,0.00806398956528563,0.298347004031021
"Villamanriqueeste","Psilothrix viridicoerulea",0.111111111111111,0.0188574200999833,0.195148221783809
"Villamanriqueeste","Strymon sculi",0.111111111111111,0.0082133607278253,0.144189161476019
"Villamanriqueeste","Thomysus morpho1",0.111111111111111,0.00846527125039432,0
"Villamanriqueeste","Tropinota squalida",0.111111111111111,0.00840407053988572,0.217154395247197
"Villamanriqueeste","Usia morpho1",0.111111111111111,0.0082133607278253,0.144189161476019
"Villamanriqueeste","Vespula germanica",0.111111111111111,0.00840407053988572,0.217154395247197
"Villamanriqueeste","Xylocopa cantabrita",0.111111111111111,0.00840407053988572,0.217154395247197
"Villamanriqueeste","Xylocopa violacea",0.111111111111111,0.00806398956528563,0.298347004031021
"PinaresdeHinojos","Amegilla quadrifasciata",0.0714285714285714,0.0112449799196787,0.544659502606094
"PinaresdeHinojos","Andrena hispania",0.142857142857143,0.021505376344086,0.576077212287912
"PinaresdeHinojos","Andrena tenuistriata",0.0714285714285714,0.014014014014014,0
"PinaresdeHinojos","Anthaxia morpho1",0.0714285714285714,0.014014014014014,0
"PinaresdeHinojos","Anthidiellum strigatum",0.0714285714285714,0.0112449799196787,0.544659502606094
"PinaresdeHinojos","Apis mellifera",0.285714285714286,0.0221169036334913,0.404379788641845
"PinaresdeHinojos","Bembecinus carpetanus",0.0714285714285714,0.012646793134598,0.316989253909141
"PinaresdeHinojos","Bembix sp",0.0714285714285714,0.012646793134598,0.316989253909141
"PinaresdeHinojos","Bibio sp",0.0714285714285714,0.01440329218107,0.243695804483599
"PinaresdeHinojos","Bibionidae NA",0.0714285714285714,0.014014014014014,0
"PinaresdeHinojos","Bombus terrestris",0.214285714285714,0.014957264957265,0.611941605680613
"PinaresdeHinojos","Bombylius morpho2",0.0714285714285714,0.0116086235489221,0.544659502606094
"PinaresdeHinojos","Cerceris arenaria",0.0714285714285714,0.00823045267489712,0.772329751303047
"PinaresdeHinojos","Cerceris rybyensis",0.0714285714285714,0.012646793134598,0.316989253909141
"PinaresdeHinojos","Cerceris sabulosa",0.0714285714285714,0.012646793134598,0.316989253909141
"PinaresdeHinojos","Chrysura refulgens",0.0714285714285714,0.0213089802130898,0.398015505321941
"PinaresdeHinojos","Colletes acutus",0.285714285714286,0.0225442834138486,0.0729168803862992
"PinaresdeHinojos","Colletes nigricans",0.0714285714285714,0.014014014014014,0
"PinaresdeHinojos","Colletes sp",0.142857142857143,0.016374269005848,0.310116837388724
"PinaresdeHinojos","Dasypoda cingulata",0.0714285714285714,NA,0.932931573158922
"PinaresdeHinojos","Dasypoda crassicornis",0.0714285714285714,0.014014014014014,0
"PinaresdeHinojos","Empis morpho2",0.0714285714285714,0.012646793134598,0.316989253909141
"PinaresdeHinojos","Empis testacea",0.0714285714285714,0.014014014014014,0
"PinaresdeHinojos","Glaucopsyche alexis",0.0714285714285714,0.014014014014014,0
"PinaresdeHinojos","Lasioglossum bimaculatus",0.0714285714285714,0.014014014014014,0
"PinaresdeHinojos","Lasioglossum malachurum",0.142857142857143,0.0207407407407407,0.21883465032806
"PinaresdeHinojos","Lasioglossum sp",0.142857142857143,0.0217054263565891,0.180097671733112
"PinaresdeHinojos","Nomada melathoracica",0.0714285714285714,0.014014014014014,0
"PinaresdeHinojos","Osmia rufa",0.0714285714285714,0.00904392764857881,0.544659502606094
"PinaresdeHinojos","Oxythyrea funesta",0.0714285714285714,0.014014014014014,0
"PinaresdeHinojos","Pangonius micans",0.0714285714285714,0.00904392764857881,0.544659502606094
"PinaresdeHinojos","Panurgus dargius",0.0714285714285714,NA,1
"PinaresdeHinojos","Prionyx kirbii",0.0714285714285714,NA,0.316989253909141
"PinaresdeHinojos","Pseudapis diversipes",0.0714285714285714,0.012646793134598,0.316989253909141
"PinaresdeHinojos","Psilothrix viridicoerulea",0.142857142857143,0.0268199233716475,0.143664677292524
"PinaresdeHinojos","Scolia hortorum",0.0714285714285714,NA,1
"PinaresdeHinojos","Syrphidae NA",0.0714285714285714,0.0116959064327485,0.544659502606094
"PinaresdeHinojos","Tachysphex panzeri",0.142857142857143,0.0128558310376492,0.481478779637005
"PinaresdeHinojos","Tenthredo corynetes",0.0714285714285714,0.0116086235489221,0.544659502606094
"PinaresdeHinojos","Xylocopa cantabrita",0.214285714285714,0.0203784570596798,0.0933336834918665
"Esparragal","Andrena cinerea",0.166666666666667,0.0118835677407869,0.182470409646055
"Esparragal","Andrena humilis",0.0833333333333333,0.0114641477028768,0
"Esparragal","Andrena nigroaenaea",0.0833333333333333,0.0114641477028768,0
"Esparragal","Andrena nitidiuscula",0.0833333333333333,0.00732671093792876,0.666666666666667
"Esparragal","Andrena sp",0.0833333333333333,0.0114641477028768,0
"Esparragal","Anthophora atroalba",0.0833333333333333,0.00896048326201863,0.511675493094024
"Esparragal","Anthophora plumipes",0.0833333333333333,0.0112328824754412,0.369070246428543
"Esparragal","Apidae NA",0.0833333333333333,0.0112653474536939,0.409585416946193
"Esparragal","Apis mellifera",0.25,0.0174789695918301,0.543422308754646
"Esparragal","Bombylella atra",0.0833333333333333,0.0114641477028768,0
"Esparragal","Callophrys rubi",0.0833333333333333,0.00655094154450101,0.511675493094024
"Esparragal","Cerceris morpho1",0.0833333333333333,0.0112653474536939,0.409585416946193
"Esparragal","Cerocoma schaefferi",0.0833333333333333,0.025170361192663,0.336476094876413
"Esparragal","Chasmatopterus illigeri",0.166666666666667,0.0126964502246844,0.128950935744847
"Esparragal","Colletes acutus",0.0833333333333333,0.0198867868315209,0.0996443158207242
"Esparragal","Dasypoda cingulata",0.0833333333333333,0.00655094154450101,0.511675493094024
"Esparragal","Dasypoda sp",0.0833333333333333,0.0089811295368159,0.789690082142847
"Esparragal","Episyrphus balteatus",0.25,0.0174009384775808,0.474361214563863
"Esparragal","Eucera caspica",0.0833333333333333,NA,1
"Esparragal","Eucera collaris",0.166666666666667,0.0123348424651206,0.0535194739012083
"Esparragal","Eucera rufa",0.0833333333333333,0.0112328824754412,0.369070246428543
"Esparragal","Eucera sp",0.0833333333333333,0.00981816176065013,0.456356748809514
"Esparragal","Halictus tridivisus",0.166666666666667,0.0112653474536939,0.637988955832769
"Esparragal","Heriades crenulatus",0.0833333333333333,0.00732671093792876,0.666666666666667
"Esparragal","Lasioglossum bimaculatus",0.166666666666667,0.017323600973236,0.0442619001151601
"Esparragal","Lasioglossum leucozonium",0.0833333333333333,0.0114641477028768,0
"Esparragal","Lasioglossum malachurum",0.25,0.0234807844516753,0.10463610888208
"Esparragal","Lasioglossum morpho1",0.0833333333333333,NA,1
"Esparragal","Lasioglossum sp",0.166666666666667,0.0100459026262322,0.560334254483163
"Esparragal","Meloidae NA",0.0833333333333333,0.0114641477028768,0
"Esparragal","Osmia fulviventris",0.0833333333333333,0.0112653474536939,0.409585416946193
"Esparragal","Oxybelus mucronatus",0.0833333333333333,0.0114641477028768,0
"Esparragal","Parageron morpho1",0.0833333333333333,0.0114641477028768,0
"Esparragal","Parageron sp",0.0833333333333333,0.00655094154450101,0.511675493094024
"Esparragal","Pieris brassicae",0.0833333333333333,0.00981816176065013,0.456356748809514
"Esparragal","Pieris rapae",0.0833333333333333,0.00896048326201863,0.511675493094024
"Esparragal","Psilothrix viridicoerulea",0.166666666666667,0.0126964502246844,0.128950935744847
"Esparragal","Tenthredo sp",0.0833333333333333,0.0112653474536939,0.409585416946193
"Esparragal","Usia morpho1",0.0833333333333333,0.0112653474536939,0.409585416946193
"LaCunya","Andrena flavipes",0.153846153846154,0.0277423292459635,0.197026957804941
"LaCunya","Andrena rhyssonota",0.0769230769230769,NA,1
"LaCunya","Andrena sp",0.0769230769230769,NA,0.775756175782425
"LaCunya","Anthophora dispar",0.0769230769230769,0.0189568668090538,0.196094299161685
"LaCunya","Anthophora retusa",0.0769230769230769,NA,1
"LaCunya","Apis mellifera",0.384615384615385,0.0484590036828843,0.339863097333222
"LaCunya","Bombus terrestris",0.0769230769230769,0.027776749009296,0.357325744520506
"LaCunya","Ceratina cucurbitina",0.0769230769230769,0.0241510892141236,0
"LaCunya","Chasmatopterus zonatus",0.0769230769230769,0.0241510892141236,0
"LaCunya","Colletes sp",0.0769230769230769,NA,0.775756175782425
"LaCunya","Dasypoda cingulata",0.0769230769230769,NA,1
"LaCunya","Dasypoda crassicornis",0.0769230769230769,0.0241510892141236,0
"LaCunya","Empis morpho1",0.0769230769230769,0.0241510892141236,0
"LaCunya","Empis testacea",0.0769230769230769,0.0241510892141236,0
"LaCunya","Eucera alternans",0.0769230769230769,0.0241510892141236,0
"LaCunya","Eucera hispaliensis",0.0769230769230769,0.0241510892141236,0
"LaCunya","Eucera sp",0.0769230769230769,0.0185638969332442,0.420338123379261
"LaCunya","Halictus quadricinctus",0.0769230769230769,0.0241510892141236,0
"LaCunya","Heliotaurus ruficollis",0.0769230769230769,0.0241510892141236,0
"LaCunya","Lasioglossum albocinctum",0.0769230769230769,0.0155797214345808,0.551512351564849
"LaCunya","Lasioglossum imminutus",0.153846153846154,0.0321667524446732,0.0940790713626946
"LaCunya","Lasioglossum malachurum",0.230769230769231,0.0428890032595642,0.19749440922841
"LaCunya","Lasioglossum sp",0.153846153846154,0.044597728489029,0.269396123411746
"LaCunya","Lasioglossum tridivisus",0.153846153846154,0.0159119116570665,0.627069490195583
"LaCunya","Lomatia morpho1",0.0769230769230769,0.0155797214345808,0.551512351564849
"LaCunya","Megalodontes capitalatus",0.0769230769230769,0.0241510892141236,0
"LaCunya","Meloidae NA",0.0769230769230769,NA,1
"LaCunya","Myathropa florea",0.0769230769230769,0.0241510892141236,0
"LaCunya","Panurgus banksianus",0.0769230769230769,0.0105256510115151,0.775756175782425
"LaCunya","Pieris brassicae",0.153846153846154,0.0319373176911448,0.295173417911576
"LaCunya","Pseudoanthidium melanorum",0.0769230769230769,0.0241510892141236,0
"LaCunya","Psilothrix viridicoerulea",0.153846153846154,0.0428890032595642,0.130634932813765
"LaRocina","Amegilla albigena",0.0625,0.0065757008100718,0.449176895247627
"LaRocina","Amegilla fasciata",0.0625,0.0065757008100718,0.449176895247627
"LaRocina","Andrena flavipes",0.0625,0.00700893839863491,0
"LaRocina","Andrena sp",0.125,0.0155947085884878,0.339323507203955
"LaRocina","Andrena tenuistriata",0.0625,0.00659003550677453,0.248998682726188
"LaRocina","Anthaxia morpho1",0.125,0.0105766103620535,0.080843458613152
"LaRocina","Anthophora bimaculata",0.0625,0.00679173291859947,0.155851266718718
"LaRocina","Anthophora retusa",0.0625,0.00679173291859947,0.155851266718718
"LaRocina","Apis mellifera",0.4375,0.0248054936194728,0.213479729905878
"LaRocina","Arachnospila morpho1",0.0625,0.00679173291859947,0.155851266718718
"LaRocina","Bombus terrestris",0.0625,0.00659003550677453,0.248998682726188
"LaRocina","Bombylius morpho1",0.0625,0.00671267646997126,0.30493862851424
"LaRocina","Ceratina cucurbitina",0.0625,0.018414346496196,0.206775212211249
"LaRocina","Ceratina mocsaryi",0.0625,0.0119385913579005,0.103939240672366
"LaRocina","Ceratina sp",0.125,0.0140393187598619,0.0379677479518444
"LaRocina","Colletes abeillei",0.0625,0.0065757008100718,0.449176895247627
"LaRocina","Colletes acutus",0.125,0.00662444740190201,0.551969620336183
"LaRocina","Colletes nigricans",0.0625,NA,0.82623465712856
"LaRocina","Colletes sp",0.0625,0.0113218427986153,0.272961688706059
"LaRocina","Dasypoda cingulata",0.125,0.0137494407563735,0.0980225670114907
"LaRocina","Dasypoda crassicornis",0.0625,0.0119385913579005,0.103939240672366
"LaRocina","Dasypoda sp",0.125,0.0106106400711409,0
"LaRocina","Dasypogon morpho1",0.0625,0.0065757008100718,0.449176895247627
"LaRocina","Dischistus morpho1",0.0625,0.00679173291859947,0.155851266718718
"LaRocina","Dischistus senex",0.0625,NA,1
"LaRocina","Episyrphus balteatus",0.0625,0.00679173291859947,0.155851266718718
"LaRocina","Eristalinus taeniops",0.0625,0.0065757008100718,0.449176895247627
"LaRocina","Eristalis tenax",0.125,0.0105555072611939,0.215864391704132
"LaRocina","Eucera bolivari",0.0625,0.00700893839863491,0
"LaRocina","Eucera elongatula",0.125,0.00653845142988755,0.811549535310788
"LaRocina","Euchloe crameri",0.0625,0.00671267646997126,0.30493862851424
"LaRocina","Helophilus trivittatus",0.0625,0.0169870560261256,0.396247859074832
"LaRocina","Heriades crenulatus",0.0625,0.00671267646997126,0.30493862851424
"LaRocina","Heriades truncorum",0.0625,0.00679173291859947,0.155851266718718
"LaRocina","Hoplitis adunca",0.0625,0.0119385913579005,0.103939240672366
"LaRocina","Hoplitis tridentata",0.0625,0.00679173291859947,0.155851266718718
"LaRocina","Hylaeus variegatus",0.0625,NA,1
"LaRocina","Lasioglossum gemmeus",0.0625,0.0065757008100718,0.449176895247627
"LaRocina","Lasioglossum imminutus",0.0625,0.00659003550677453,0.248998682726188
"LaRocina","Lasioglossum malachurum",0.125,0.0105701532453779,0.165354682629998
"LaRocina","Lasioglossum sexnotatum",0.0625,0.00659003550677453,0.248998682726188
"LaRocina","Lasioglossum sp",0.125,0.00685899838427267,0.392912152120484
"LaRocina","Lycaena phlaeas",0.125,0.0121055381304247,0.257121619529884
"LaRocina","Malachius abdominalis",0.0625,0.00671267646997126,0.30493862851424
"LaRocina","Malachius morpho1",0.0625,0.00671267646997126,0.30493862851424
"LaRocina","Megascolia maculata",0.0625,0.00700893839863491,0
"LaRocina","Merodon sp",0.0625,0.00679173291859947,0.155851266718718
"LaRocina","Mycterus curculioides",0.0625,0.00371699340109406,0.82623465712856
"LaRocina","Nemoptera bipennis",0.0625,0.00700893839863491,0
"LaRocina","Nomada agrestis",0.0625,0.00679173291859947,0.155851266718718
"LaRocina","Nomada fucata",0.0625,0.00659003550677453,0.248998682726188
"LaRocina","Nomada melathoracica",0.0625,0.00700893839863491,0
"LaRocina","Nomada merceti",0.125,0.0105572626359516,0.0505097090741338
"LaRocina","Opsilia coerulescens",0.0625,0.0206551031545911,0.243497751444635
"LaRocina","Osmia argyropyga",0.0625,0.00700893839863491,0
"LaRocina","Osmia caerulescens",0.125,0.00700893839863491,0.457744387991577
"LaRocina","Osmia latreillei",0.0625,0.00700893839863491,0
"LaRocina","Osmia rufa",0.0625,0.00700893839863491,0
"LaRocina","Osmia sp",0.0625,0.0155947085884878,0.162373928086941
"LaRocina","Panurgus banksianus",0.0625,NA,0.82623465712856
"LaRocina","Panurgus calcaratus",0.0625,0.00659003550677453,0.248998682726188
"LaRocina","Panurgus perezi",0.0625,0.00700893839863491,0
"LaRocina","Panurgus sp",0.0625,NA,1
"LaRocina","Pieris brassicae",0.0625,0.00610447228670953,0.724588447623813
"LaRocina","Podalonia tydei",0.0625,0.00700893839863491,0
"LaRocina","Psilothrix viridicoerulea",0.0625,0.0142002631004088,0.514883751303924
"LaRocina","Rhyncomyia cuprea",0.0625,0.00679173291859947,0.155851266718718
"LaRocina","Sphecodes sp",0.0625,0.00659003550677453,0.248998682726188
"LaRocina","Stomorhina lunata",0.0625,0.00659003550677453,0.248998682726188
"LaRocina","Syrphidae NA",0.125,0.00677174959819043,0.473755610733636
"LaRocina","Tropinota squalida",0.0625,0.00700893839863491,0
"LaRocina","Vanessa cardui",0.125,0.0208290456211415,0.27494033387541
"LaRocina","Xylocopa cantabrita",0.25,0.0248443242522789,0.0413290875123511
"LaRocina","Xylocopa violacea",0.0625,0.0119385913579005,0.103939240672366
"Lasmulas","Acmaeoderella adspersula",0.0833333333333333,0.00965972929116994,0.428555964120285
"Lasmulas","Amegilla albigena",0.0833333333333333,0.0151090474836525,0.647119306600396
"Lasmulas","Andrena angustior",0.0833333333333333,0.00965025849075265,0.428555964120285
"Lasmulas","Andrena flavipes",0.0833333333333333,0.0098138305822181,0.0141769556917079
"Lasmulas","Andrena nigroaenaea",0.0833333333333333,NA,1
"Lasmulas","Andrena rhyssonota",0.166666666666667,0.0104382865250373,0.215807730375876
"Lasmulas","Andrena tenuistriata",0.0833333333333333,0.0098138305822181,0.0141769556917079
"Lasmulas","Anthaxia sp",0.0833333333333333,NA,1
"Lasmulas","Anthophora dispar",0.0833333333333333,0.0093009849237869,0
"Lasmulas","Anthophora hispanica",0.166666666666667,0.0140120825804466,0
"Lasmulas","Apis mellifera",0.583333333333333,0.0291250454264914,0.256489046632072
"Lasmulas","Bombus terrestris",0.0833333333333333,0.0098138305822181,0.0141769556917079
"Lasmulas","Bombyliidae NA",0.0833333333333333,0.0093009849237869,0
"Lasmulas","Bombylius morpho1",0.0833333333333333,0.00965972929116994,0.428555964120285
"Lasmulas","Bombylius sp",0.0833333333333333,0.0093009849237869,0
"Lasmulas","Bombylius torquatus",0.0833333333333333,0.00921254543727482,0.235241685149212
"Lasmulas","Ceratina sp",0.0833333333333333,0.0093009849237869,0
"Lasmulas","Chrysomela americana",0.0833333333333333,0.00921254543727482,0.235241685149212
"Lasmulas","Conopidae NA",0.0833333333333333,0.0093009849237869,0
"Lasmulas","Corynis sp",0.0833333333333333,0.00986300060425334,0.0609330534855071
"Lasmulas","Dasypoda albimana",0.0833333333333333,0.00986300060425334,0.0609330534855071
"Lasmulas","Empis sp",0.166666666666667,0.0175623026222577,0.135175463816329
"Lasmulas","Empis testacea",0.166666666666667,0.0140120825804466,0
"Lasmulas","Eristalis arbustorum",0.0833333333333333,0.0098138305822181,0.0141769556917079
"Lasmulas","Eristalis similis",0.0833333333333333,0.0098138305822181,0.0141769556917079
"Lasmulas","Eristalis tenax",0.0833333333333333,0.0098138305822181,0.0141769556917079
"Lasmulas","Eucera chrysopyga",0.0833333333333333,0.0156123240631803,0.276871905465186
"Lasmulas","Eucera sp",0.0833333333333333,0.0093009849237869,0
"Lasmulas","Exosoma lusitanicum",0.0833333333333333,0.00608348590986984,0.428555964120285
"Lasmulas","Flavipanurgus venustus",0.0833333333333333,0.024009761579144,0.500397425976416
"Lasmulas","Glaucopsyche alexis",0.0833333333333333,0.0093009849237869,0
"Lasmulas","Heliotaurus ruficollis",0.166666666666667,0.0145184573132065,0.239352677106054
"Lasmulas","Lasioglossum albocinctum",0.0833333333333333,0.00965025849075265,0.428555964120285
"Lasmulas","Lasioglossum imminutus",0.0833333333333333,0.00721637717954003,0.649620693577789
"Lasmulas","Lasioglossum malachurum",0.166666666666667,0.0175466485108732,0.15600806048721
"Lasmulas","Lasioglossum sp",0.0833333333333333,0.0098138305822181,0.0141769556917079
"Lasmulas","Lucilia sp",0.166666666666667,0.0144757527379806,0.215807730375876
"Lasmulas","Megalodontes sp",0.0833333333333333,0.00986300060425334,0.0609330534855071
"Lasmulas","Musca morpho1",0.0833333333333333,0.00608348590986984,0.428555964120285
"Lasmulas","Mycterus curculioides",0.0833333333333333,0.00721637717954003,0.649620693577789
"Lasmulas","Myopa buccata",0.0833333333333333,0.00986300060425334,0.0609330534855071
"Lasmulas","Osmia rufa",0.0833333333333333,0.0093009849237869,0
"Lasmulas","Osmia sp",0.0833333333333333,0.0156123240631803,0.276871905465186
"Lasmulas","Panurgus calcaratus",0.0833333333333333,0.00608348590986984,0.428555964120285
"Lasmulas","Panurgus dargius",0.166666666666667,0.00787138917529068,0.760415395094126
"Lasmulas","Pieris rapae",0.0833333333333333,0.00986300060425334,0.0609330534855071
"Lasmulas","Protaetia oblonga",0.0833333333333333,0.0098138305822181,0.0141769556917079
"Lasmulas","Psilothrix viridicoerulea",0.25,0.014937079803296,0.347788671507065
"Lasmulas","Stomorhina lunata",0.0833333333333333,0.00965025849075265,0.428555964120285
"Lasmulas","Tropinota squalida",0.0833333333333333,0.0098138305822181,0.0141769556917079
"Lasmulas","Xylocopa cantabrita",0.166666666666667,0.0139681264636765,0.111321464463368
"Lasmulas","Xylocopa valga",0.0833333333333333,0.00986300060425334,0.0609330534855071
"Elpozo","Andrena abrupta",0.0909090909090909,NA,0.760187533431869
"Elpozo","Andrena hispania",0.181818181818182,0.0389810463415393,0.404336129118757
"Elpozo","Andrena rhyssonota",0.0909090909090909,0.0529273007982107,0.352533500786931
"Elpozo","Andrena sp",0.272727272727273,0.0341630562638358,0.175046440436264
"Elpozo","Anthophora dispar",0.0909090909090909,0.0159268403819051,0.0407501337274743
"Elpozo","Apis mellifera",0.636363636363636,0.0425421792707459,0.233575942894214
"Elpozo","Bombus terrestris",0.363636363636364,0.0331420444209238,0.242700391353811
"Elpozo","Bombylius morpho1",0.0909090909090909,0.0159268403819051,0.0407501337274743
"Elpozo","Bombylius sp",0.0909090909090909,0.0159268403819051,0.0407501337274743
"Elpozo","Bombylius torquatus",0.0909090909090909,0.0281550306277279,0.395095335158585
"Elpozo","Colletes nigricans",0.0909090909090909,0.021662228596736,0
"Elpozo","Dasypoda crassicornis",0.0909090909090909,0.0159268403819051,0.0407501337274743
"Elpozo","Dischistus senex",0.0909090909090909,NA,0.760187533431869
"Elpozo","Empis morpho1",0.0909090909090909,0.0159268403819051,0.0407501337274743
"Elpozo","Heliotaurus ruficollis",0.0909090909090909,0.021662228596736,0
"Elpozo","Helophilus trivittatus",0.0909090909090909,0.0160343089404874,0.0869488250410501
"Elpozo","Lasiglossum crenicornis",0.0909090909090909,0.0158994380566447,0.520375066863737
"Elpozo","Lasioglossum bimaculatus",0.0909090909090909,0.021662228596736,0
"Elpozo","Lasioglossum imminutus",0.181818181818182,0.0291578882605204,0.0235797853601332
"Elpozo","Lasioglossum sp",0.181818181818182,0.0284050411455971,0.0829960991065317
"Elpozo","Megascolia maculata",0.0909090909090909,0.0158994380566447,0.520375066863737
"Elpozo","Merodon sp",0.0909090909090909,0.021662228596736,0
"Elpozo","Musca sp",0.0909090909090909,0.021662228596736,0
"Elpozo","Nomada merceti",0.0909090909090909,0.021662228596736,0
"Elpozo","Panurgus sp",0.0909090909090909,0.021662228596736,0
"Elpozo","Platynochaetus setosus",0.0909090909090909,NA,1
"Elpozo","Psilothrix viridicoerulea",0.0909090909090909,0.021662228596736,0
"Elpozo","Reduviidae NA",0.0909090909090909,0.021662228596736,0
"Elpozo","Rhyncomyia cuprea",0.0909090909090909,0.0160343089404874,0.0869488250410501
"Elpozo","Vespidae sp",0.0909090909090909,NA,1
"Elpozo","Vespula germanica",0.0909090909090909,0.021662228596736,0
"Elpozo","Xylocopa violacea",0.0909090909090909,0.0158994380566447,0.760187533431869
"Pinodelcuervo","Ancistrocerus gazella",0.0666666666666667,0.0114503773587042,0
"Pinodelcuervo","Ancistrocerus reconditus",0.0666666666666667,0.0114503773587042,0
"Pinodelcuervo","Andrena cinerea",0.0666666666666667,0.0103868231621536,0.339123628363936
"Pinodelcuervo","Andrena florea",0.0666666666666667,0.0100727949889961,0.156067873245087
"Pinodelcuervo","Andrena hispania",0.266666666666667,0.0215264521044421,0.084133916021419
"Pinodelcuervo","Andrena morio",0.0666666666666667,0.0114503773587042,0
"Pinodelcuervo","Andrena sp",0.2,0.0196169696969697,0.39955514597601
"Pinodelcuervo","Anthaxia morpho1",0.0666666666666667,0.0114041540885555,0.339123628363936
"Pinodelcuervo","Apis mellifera",0.466666666666667,0.0298558565738228,0.25592356027488
"Pinodelcuervo","Bombus terrestris",0.0666666666666667,0.0114503773587042,0
"Pinodelcuervo","Bombylella atra",0.0666666666666667,0.0103868231621536,0.339123628363936
"Pinodelcuervo","Bombylius morpho3",0.0666666666666667,0.0114503773587042,0
"Pinodelcuervo","Bombylius sp",0.2,0.0223220443152716,0.166403327395167
"Pinodelcuervo","Callophrys rubi",0.0666666666666667,0.0108198366167232,0.0377748141147459
"Pinodelcuervo","Cantharis fusca",0.0666666666666667,NA,1
"Pinodelcuervo","Ceratina cucurbitina",0.133333333333333,0.0189236086751135,0.365697582398265
"Pinodelcuervo","Cerceris morpho1",0.0666666666666667,NA,1
"Pinodelcuervo","Colletes nigricans",0.0666666666666667,0.0111555384242954,0.103714714997298
"Pinodelcuervo","Dasypoda cingulata",0.133333333333333,0.015863941801369,0.0528556639387478
"Pinodelcuervo","Dasypoda crassicornis",0.133333333333333,0.0117465758992547,0.113140823858848
"Pinodelcuervo","Dischistus senex",0.0666666666666667,0.0111555384242954,0.103714714997298
"Pinodelcuervo","Episyrphus balteatus",0.0666666666666667,0.0107219991784924,0.339123628363936
"Pinodelcuervo","Eristalis sp",0.0666666666666667,0.0100727949889961,0.156067873245087
"Pinodelcuervo","Eristalis tenax",0.0666666666666667,0.0114041540885555,0.339123628363936
"Pinodelcuervo","Eucera notata",0.0666666666666667,0.0114503773587042,0
"Pinodelcuervo","Euchloe crameri",0.0666666666666667,0.0107219991784924,0.339123628363936
"Pinodelcuervo","Flavipanurgus venustus",0.133333333333333,0.02054184576049,0.151492540268363
"Pinodelcuervo","Heliotaurus ruficollis",0.0666666666666667,0.0108198366167232,0.0377748141147459
"Pinodelcuervo","Hoplitis antigae",0.0666666666666667,0.0111555384242954,0.103714714997298
"Pinodelcuervo","Lachnaia tristigmia",0.0666666666666667,0.0103868231621536,0.339123628363936
"Pinodelcuervo","Lasioglossum sexnotatum",0.133333333333333,0.0108198366167232,0.509625504347429
"Pinodelcuervo","Lasioglossum sp",0.0666666666666667,0.0147575903473833,0.379762100939764
"Pinodelcuervo","Leptotes pirithous",0.0666666666666667,0.0164184022451739,0.259191781099564
"Pinodelcuervo","Lomatia morpho1",0.0666666666666667,NA,1
"Pinodelcuervo","Malachius morpho1",0.0666666666666667,0.0114041540885555,0.339123628363936
"Pinodelcuervo","Megascolia maculata",0.133333333333333,0.0240696652020222,0.577174224198861
"Pinodelcuervo","Merodon sp",0.133333333333333,0.0147575903473833,0.57423754813167
"Pinodelcuervo","Musca sp",0.0666666666666667,0.0114041540885555,0.339123628363936
"Pinodelcuervo","Nomada discrepans",0.0666666666666667,0.0114503773587042,0
"Pinodelcuervo","Nomada melathoracica",0.0666666666666667,0.0114503773587042,0
"Pinodelcuervo","Nomada merceti",0.2,0.0209992225201351,0.204618512473829
"Pinodelcuervo","Nomada sp",0.0666666666666667,0.0108198366167232,0.0377748141147459
"Pinodelcuervo","Panurgus calcaratus",0.0666666666666667,NA,0.764591086633362
"Pinodelcuervo","Panurgus cephalotes",0.0666666666666667,0.0114503773587042,0
"Pinodelcuervo","Panurgus sp",0.0666666666666667,0.0100727949889961,0.156067873245087
"Pinodelcuervo","Pelecocera tricincta",0.0666666666666667,0.0103868231621536,0.339123628363936
"Pinodelcuervo","Philanthus triangulum",0.0666666666666667,0.0111555384242954,0.103714714997298
"Pinodelcuervo","Pyronia bathseba",0.0666666666666667,0.0114503773587042,0
"Pinodelcuervo","Systoechus morpho1",0.0666666666666667,0.0108198366167232,0.0377748141147459
"Pinodelcuervo","Tachysphex denisi",0.0666666666666667,NA,0.764591086633362
"Pinodelcuervo","Usia sp",0.0666666666666667,0.0114503773587042,0
"Pinodelcuervo","Xylocopa cantabrita",0.266666666666667,0.020369838944353,0.316874841962085
"Bonares","Ammophila heydeni",0.0769230769230769,NA,0.462756426319518
"Bonares","Ancistrocerus biphaleratus",0.0769230769230769,0.013888284588007,0.0542501514345841
"Bonares","Andrena hispania",0.0769230769230769,NA,0.462756426319518
"Bonares","Andrena nigroaenaea",0.0769230769230769,0.0110899149417171,0.305865360520722
"Bonares","Andrena ovatula",0.0769230769230769,0.013888284588007,0.0542501514345841
"Bonares","Andrena rhyssonota",0.0769230769230769,0.0114700149596954,0
"Bonares","Andrena vulpecula",0.0769230769230769,NA,1
"Bonares","Anthaxia morpho1",0.0769230769230769,0.0110528113260269,0.119061021269297
"Bonares","Anthidium septemspinosum",0.0769230769230769,0.0113229936469782,0.350439234429057
"Bonares","Anthophora sp",0.0769230769230769,0.0110899149417171,0.305865360520722
"Bonares","Apis mellifera",0.615384615384615,0.031646933192407,0.25207467438995
"Bonares","Bembix oculata",0.0769230769230769,0.013888284588007,0.0542501514345841
"Bonares","Bombus terrestris",0.307692307692308,0.0231720977691432,0.306649514836706
"Bonares","Bombylius morpho1",0.0769230769230769,NA,0.633274208657915
"Bonares","Bombylius sp",0.0769230769230769,0.0109978698614822,0.170517782338397
"Bonares","Brachycoleus triangularis",0.0769230769230769,0.0114700149596954,0
"Bonares","Ceratina cucurbitina",0.153846153846154,0.0164791047610672,0.213413920895294
"Bonares","Colletes acutus",0.0769230769230769,0.013888284588007,0.0542501514345841
"Bonares","Colletes ligatus",0.0769230769230769,0.0237823006333676,0.26571071206059
"Bonares","Dasypoda cingulata",0.0769230769230769,0.013888284588007,0.0542501514345841
"Bonares","Dasypoda crassicornis",0.0769230769230769,0.013888284588007,0.0542501514345841
"Bonares","Dasypoda hirtipes",0.0769230769230769,0.013888284588007,0.0542501514345841
"Bonares","Dasypoda sp",0.0769230769230769,0.0114700149596954,0
"Bonares","Dasypogon morpho1",0.0769230769230769,0.013888284588007,0.0542501514345841
"Bonares","Dischistus senex",0.0769230769230769,0.013888284588007,0.0542501514345841
"Bonares","Empis morpho1",0.0769230769230769,0.0110528113260269,0.119061021269297
"Bonares","Empis sp",0.0769230769230769,0.016523555349269,0.332328597070318
"Bonares","Empis tessellata",0.0769230769230769,0.0114700149596954,0
"Bonares","Empis testacea",0.0769230769230769,0.0114700149596954,0
"Bonares","Episyrphus balteatus",0.0769230769230769,0.013888284588007,0.0542501514345841
"Bonares","Eristalis sp",0.0769230769230769,0.0114700149596954,0
"Bonares","Eristalis tenax",0.0769230769230769,0.0114700149596954,0
"Bonares","Eucera collaris",0.153846153846154,0.0163270222885625,0.209947992639507
"Bonares","Eucera elongatula",0.153846153846154,0.0203059792162633,0.350347626845452
"Bonares","Eucera sp",0.230769230769231,0.0194244167505851,0.107218016793572
"Bonares","Exosoma lusitanicum",0.153846153846154,0.0116562905843556,0.367144643969705
"Bonares","Graphosoma lineatum",0.0769230769230769,0.0237823006333676,0.26571071206059
"Bonares","Halictus scabiosae",0.0769230769230769,NA,0.462756426319518
"Bonares","Hoplitis papaveris",0.0769230769230769,NA,0.462756426319518
"Bonares","Lasioglossum sexnotatum",0.0769230769230769,NA,0.633274208657915
"Bonares","Lasioglossum sp",0.153846153846154,0.0196123995365728,0.144517596326898
"Bonares","Megachile sp",0.0769230769230769,0.0113229936469782,0.350439234429057
"Bonares","Musca sp",0.0769230769230769,0.0110578793306699,0.462756426319518
"Bonares","Nomada merceti",0.0769230769230769,0.013888284588007,0.0542501514345841
"Bonares","Panurgus banksianus",0.0769230769230769,NA,0.633274208657915
"Bonares","Panurgus dargius",0.0769230769230769,0.0113229936469782,0.350439234429057
"Bonares","Panurgus sp",0.0769230769230769,0.00692964964494595,0.768621786840241
"Bonares","Platynochaetus setosus",0.153846153846154,0.016315220854593,0.129315291619656
"Bonares","Sarcophaga morpho1",0.0769230769230769,0.0114700149596954,0
"Bonares","Sphaerophoria scripta",0.0769230769230769,0.013888284588007,0.0542501514345841
"Bonares","Systropha planidens",0.0769230769230769,NA,1
"Bonares","Trypoxylon morpho1",0.0769230769230769,NA,0.462756426319518
"Bonares","Xylocopa violacea",0.0769230769230769,0.011096871065786,0.768621786840241
"Bonares","Zerynthia rumina",0.0769230769230769,0.0109978698614822,0.170517782338397
"Niebla","Agapanthia asphodeli",0.0476190476190476,0.00665023782470327,0.163171163046611
"Niebla","Andrena flavipes",0.0476190476190476,0.0100967003007602,0.115771782604519
"Niebla","Andrena labialis",0.0476190476190476,0.00665023782470327,0.163171163046611
"Niebla","Andrena ovatula",0.0476190476190476,0.00718577641463772,0.115771782604519
"Niebla","Andrena rhyssonota",0.0952380952380952,0.00959461793029709,0.111754267102404
"Niebla","Andrena tenuistriata",0.0476190476190476,0.00900538857940883,0.163171163046611
"Niebla","Anthidium septemspinosum",0.0476190476190476,0.00718577641463772,0.115771782604519
"Niebla","Anthophora dispar",0.0476190476190476,0.00908911636578763,0.163171163046611
"Niebla","Anthophora hispanica",0.0952380952380952,0.0165879800944239,0.593818628753054
"Niebla","Anthophora sp",0.0952380952380952,0.00939584007057073,0.115117768936122
"Niebla","Apis mellifera",0.333333333333333,0.018703793881978,0.298399109638206
"Niebla","Bombus terrestris",0.0952380952380952,0.014213674704495,0.294697003348241
"Niebla","Bombylius fimbriatus",0.0476190476190476,NA,0.55788589130226
"Niebla","Bombylius sp",0.0476190476190476,0.00774904407440764,0.72105705434887
"Niebla","Callophrys rubi",0.0952380952380952,0.0119217678076998,0.0865984075284456
"Niebla","Ceratina callosa",0.0476190476190476,NA,0.55788589130226
"Niebla","Chasmatopterus illigeri",0.0476190476190476,0.0100967003007602,0.115771782604519
"Niebla","Colletes sp",0.0476190476190476,0.00565441172370336,0.72105705434887
"Niebla","Dasypoda crassicornis",0.0952380952380952,0.0109295212945123,0.115117768936122
"Niebla","Dasypoda sp",0.0476190476190476,0.00906663710024982,0
"Niebla","Episyrphus balteatus",0.142857142857143,0.0114411763876234,0.078349850778646
"Niebla","Eucera bolivari",0.0476190476190476,0.00881236442516269,0.115771782604519
"Niebla","Eucera collaris",0.0952380952380952,0.00900538857940883,0.555877133551202
"Niebla","Eucera notata",0.0952380952380952,0.00876321179490282,0.382680318494311
"Niebla","Eucera sp",0.0952380952380952,0.00902941773612729,0.296081910965865
"Niebla","Exosoma lusitanicum",0.0476190476190476,NA,0.44211410869774
"Niebla","Halictus scabiosae",0.0476190476190476,NA,0.72105705434887
"Niebla","Heliotaurus ruficollis",0.0952380952380952,0.0150810158417594,0.461969684470653
"Niebla","Heriades crenulatus",0.0476190476190476,0.00718577641463772,0.115771782604519
"Niebla","Lasioglossum malachurum",0.0476190476190476,0.0067971760213863,0.72105705434887
"Niebla","Lasioglossum sp",0.19047619047619,0.0118511107786671,0.407785952244257
"Niebla","Macrophya montana",0.0952380952380952,0.011047544753996,0.433739126391781
"Niebla","Meloidae NA",0.0476190476190476,NA,1
"Niebla","Merodon sp",0.0476190476190476,0.0100967003007602,0.115771782604519
"Niebla","Musca morpho1",0.0476190476190476,NA,0.55788589130226
"Niebla","Osmia bicornis",0.0476190476190476,0.00900538857940883,0.163171163046611
"Niebla","Osmia caerulescens",0.0476190476190476,0.00713913067354952,0.216908148553054
"Niebla","Osmia rufa",0.0476190476190476,0.00865970929338822,0.115771782604519
"Niebla","Osmia submicans",0.0476190476190476,0.00718577641463772,0.115771782604519
"Niebla","Oxythyrea funesta",0.0952380952380952,0.0149022097596247,0.465434110664573
"Niebla","Panurgus banksianus",0.0476190476190476,NA,0.44211410869774
"Niebla","Panurgus calcaratus",0.0476190476190476,0.00580973629297572,0.55788589130226
"Niebla","Panurgus dargius",0.0476190476190476,0.00580973629297572,0.55788589130226
"Niebla","Papilio machaon",0.0476190476190476,0.00865970929338822,0.115771782604519
"Niebla","Platynochaetus setosus",0.0476190476190476,0.00908911636578763,0.163171163046611
"Niebla","Potosia cuprea",0.0476190476190476,0.0127807446863487,0.234639363011378
"Niebla","Rhodanthidium septendentatum",0.0476190476190476,0.00713913067354952,0.216908148553054
"Niebla","Rhodanthidium sticticum",0.142857142857143,0.0114799903993769,0.252781138851734
"Niebla","Sphaerophoria scripta",0.0476190476190476,NA,0.44211410869774
"Niebla","Systropha planidens",0.0952380952380952,NA,0.555877133551202
"Niebla","Tropinota squalida",0.0476190476190476,0.00906663710024982,0
"Niebla","Usia morpho1",0.0476190476190476,0.0103704203702056,0.520909085140302
"Niebla","Usia morpho2",0.0476190476190476,0.00665023782470327,0.163171163046611
"Niebla","Usia sp",0.0476190476190476,0.00665023782470327,0.163171163046611
"Niebla","Vespula germanica",0.0476190476190476,0.00770156218669681,0.72105705434887
"Niebla","Xylocopa valga",0.0476190476190476,0.00906663710024982,0
"Niebla","Xylocopa violacea",0.0952380952380952,0.0117404118522584,0.407836178068269
"ConventodelaLuz","Ammophila heydeni",0.0833333333333333,0.0117354297046855,0.551512351564849
"ConventodelaLuz","Andrena angustior",0.0833333333333333,0.0140054660221559,0.0474284893863543
"ConventodelaLuz","Andrena florea",0.0833333333333333,0.0136126854863444,0.420338123379261
"ConventodelaLuz","Andrena nigroaenaea",0.0833333333333333,0.0138308137174474,0.644581947596836
"ConventodelaLuz","Andrena ovatula",0.0833333333333333,0.0142572666563048,0.0649200709760971
"ConventodelaLuz","Andrena tenuistriata",0.0833333333333333,0.0241890263623592,0.271897494209645
"ConventodelaLuz","Andrena thoracica",0.0833333333333333,0.0142572666563048,0.0649200709760971
"ConventodelaLuz","Anthaxia sp",0.0833333333333333,0.0140054660221559,0.0474284893863543
"ConventodelaLuz","Anthophora plumipes",0.0833333333333333,0.0140054660221559,0.0474284893863543
"ConventodelaLuz","Anthophora retusa",0.25,0.0278284684127558,0.352359556843694
"ConventodelaLuz","Apis mellifera",0.666666666666667,0.058746698250356,0.205984202611544
"ConventodelaLuz","Bombus terrestris",0.166666666666667,0.0397547057529512,0.444018774646245
"ConventodelaLuz","Chasmatopterus villosulus",0.25,0.0435927708654981,0.357439808019209
"ConventodelaLuz","Dasypoda crassicornis",0.0833333333333333,0.0136551711058265,0
"ConventodelaLuz","Eristalinus taeniops",0.0833333333333333,NA,0.670341008723624
"ConventodelaLuz","Eristalis morpho1",0.0833333333333333,NA,0.327268527347274
"ConventodelaLuz","Eucera alternans",0.0833333333333333,0.0136551711058265,0
"ConventodelaLuz","Exosoma lusitanicum",0.0833333333333333,0.0136551711058265,0
"ConventodelaLuz","Ichneumonidae morpho1",0.0833333333333333,0.0117354297046855,0.551512351564849
"ConventodelaLuz","Lasioglossum leucozonium",0.0833333333333333,NA,0.74806774468724
"ConventodelaLuz","Lasioglossum sp",0.166666666666667,0.0224735411954229,0.330119508603431
"ConventodelaLuz","Megalodontes capitalatus",0.0833333333333333,0.0140054660221559,0.0474284893863543
"ConventodelaLuz","Megalodontes sp",0.0833333333333333,0.0140054660221559,0.0474284893863543
"ConventodelaLuz","Nomada agrestis",0.0833333333333333,0.0142572666563048,0.0649200709760971
"ConventodelaLuz","Nomada discrepans",0.0833333333333333,0.0142572666563048,0.0649200709760971
"ConventodelaLuz","Oxythyrea funesta",0.166666666666667,0.0278260272119652,0.132830289762118
"ConventodelaLuz","Platynochaetus setosus",0.166666666666667,0.0219297450449582,0.0332484985175751
"ConventodelaLuz","Psilothrix viridicoerulea",0.0833333333333333,0.0287074344724012,0.330339591459408
"ConventodelaLuz","Sphecodes sp",0.0833333333333333,0.0140054660221559,0.0474284893863543
"ConventodelaLuz","Syrphidae NA",0.0833333333333333,0.0142572666563048,0.0649200709760971
"ConventodelaLuz","Tropinota squalida",0.0833333333333333,0.0287074344724012,0.330339591459408
"ConventodelaLuz","Vespula germanica",0.0833333333333333,0.0117354297046855,0.551512351564849
"ConventodelaLuz","Xylocopa cantabrita",0.416666666666667,0.0297856985964409,0.461218352981258
"Urbanizaciones","Andrena flavipes",0.1,0.0128105590062112,0.0946854168809663
"Urbanizaciones","Andrena nigroaenaea",0.1,0.0120932277924362,0.510698915763548
"Urbanizaciones","Andrena sp",0.1,0.0104403948367502,0.755349457881774
"Urbanizaciones","Andrena vulpecula",0.1,0.0121681415929204,0.0213978315270959
"Urbanizaciones","Anthophora dispar",0.2,0.0174714104193139,0.41879921918573
"Urbanizaciones","Anthophora sp",0.1,0.0121681415929204,0.0213978315270959
"Urbanizaciones","Apis mellifera",0.7,0.031706379707917,0.121161167861724
"Urbanizaciones","Bombus terrestris",0.3,0.0225409836065574,0.0874879490798939
"Urbanizaciones","Bombylidae morpho1",0.1,0.0128865979381443,0.367587522843284
"Urbanizaciones","Bombylius sp",0.2,0.0184069611780455,0.222821502585042
"Urbanizaciones","Cacyreus marshalli",0.1,0.0128105590062112,0.0946854168809663
"Urbanizaciones","Ceratina cucurbitina",0.1,0.0121681415929204,0.0213978315270959
"Urbanizaciones","Ceratina sp",0.2,0.017478813559322,0.0478547018646224
"Urbanizaciones","Coelioxys sp",0.1,NA,0.61223806496151
"Urbanizaciones","Colletes nigricans",0.1,0.0128865979381443,0.367587522843284
"Urbanizaciones","Dasypoda cingulata",0.1,0.0125954198473282,0
"Urbanizaciones","Dasypoda sp",0.2,0.0139311043566363,0.58924966208886
"Urbanizaciones","Dasypoda visnaga",0.1,0.0125954198473282,0
"Urbanizaciones","Dischistus senex",0.1,0.0128865979381443,0.367587522843284
"Urbanizaciones","Empis morpho1",0.1,0.0128865979381443,0.367587522843284
"Urbanizaciones","Eristalis tenax",0.1,0.0139311043566363,0.187288490708041
"Urbanizaciones","Eucera sp",0.1,0.0139311043566363,0.187288490708041
"Urbanizaciones","Flavipanurgus venustus",0.1,0.029783393501805,0.634193546172643
"Urbanizaciones","Helophilus trivittatus",0.1,NA,0.61223806496151
"Urbanizaciones","Hoplitis sp",0.1,NA,0.61223806496151
"Urbanizaciones","Lasioglossum albocinctum",0.1,0.0139311043566363,0.187288490708041
"Urbanizaciones","Lasioglossum imminutus",0.2,0.0222852512155592,0.521216250190475
"Urbanizaciones","Leptotes pirithous",0.1,0.0128105590062112,0.0946854168809663
"Urbanizaciones","Lestica clypeata",0.1,0.0125954198473282,0
"Urbanizaciones","Malachius morpho1",0.1,0.0139311043566363,0.187288490708041
"Urbanizaciones","Nomada merceti",0.1,0.0187927107061503,0.236481724403692
"Urbanizaciones","Osmia aurulenta",0.1,0.0128105590062112,0.0946854168809663
"Urbanizaciones","Osmia rufa",0.1,0.0128105590062112,0.0946854168809663
"Urbanizaciones","Osmia submicans",0.1,0.0121681415929204,0.0213978315270959
"Urbanizaciones","Oxythyrea funesta",0.1,0.0139311043566363,0.187288490708041
"Urbanizaciones","Psilothrix viridicoerulea",0.2,0.0194483734087694,0.341953317208122
"Urbanizaciones","Sarcophaga morpho1",0.1,0.0128105590062112,0.0946854168809663
"Urbanizaciones","Sphaerophoria scripta",0.1,0.0125954198473282,0
"Urbanizaciones","Xylocopa cantabrita",0.2,0.020625,0.177085179550221
"Urbanizaciones","Xylocopa violacea",0.1,0.0121681415929204,0.0213978315270959
"CotitodeSantaTeresa","Andrena hispania",0.1,0.00718655088334688,0.112588423805904
"CotitodeSantaTeresa","Andrena nigroaenaea",0.1,0.00718655088334688,0.112588423805904
"CotitodeSantaTeresa","Andrena rhyssonota",0.1,0.0101879927228623,0
"CotitodeSantaTeresa","Andrena sp",0.1,0.00718655088334688,0.112588423805904
"CotitodeSantaTeresa","Anthophora aestivalis",0.1,0.00995378599360114,0.203360229803088
"CotitodeSantaTeresa","Anthophora atroalba",0.1,0.0101879927228623,0
"CotitodeSantaTeresa","Anthophora dispar",0.1,0.00995378599360114,0.203360229803088
"CotitodeSantaTeresa","Anthophora hispanica",0.1,0.0190744357146101,0.719211587942951
"CotitodeSantaTeresa","Anthophora plumipes",0.1,0.0101879927228623,0
"CotitodeSantaTeresa","Apis mellifera",0.5,0.0216494845360825,0.241024082289844
"CotitodeSantaTeresa","Attagenus trifasciatus",0.1,0.0109617643220671,0.08694882504105
"CotitodeSantaTeresa","Bombus terrestris",0.2,0.0103092783505155,0.351918818065735
"CotitodeSantaTeresa","Bombylius morpho2",0.1,0.00698370468905886,0.380093766715934
"CotitodeSantaTeresa","Brachycoleus morpho1",0.1,0.0109617643220671,0.08694882504105
"CotitodeSantaTeresa","Calamobius filum",0.1,0.0109617643220671,0.08694882504105
"CotitodeSantaTeresa","Cantharis fusca",0.1,0.0109617643220671,0.08694882504105
"CotitodeSantaTeresa","Ceratina cucurbitina",0.1,0.0101879927228623,0
"CotitodeSantaTeresa","Cerceris morpho1",0.1,0.0109617643220671,0.08694882504105
"CotitodeSantaTeresa","Colletes sp",0.1,0.0109617643220671,0.08694882504105
"CotitodeSantaTeresa","Dasypoda cingulata",0.1,0.0100403406544151,0.326761291609182
"CotitodeSantaTeresa","Dasypoda crassicornis",0.2,0.0107575078440161,0.153234239372177
"CotitodeSantaTeresa","Dasypoda sp",0.1,0.00698370468905886,0.380093766715934
"CotitodeSantaTeresa","Derelomus chamaeropis",0.1,NA,1
"CotitodeSantaTeresa","Dolichovespula sp",0.1,0.00718655088334688,0.112588423805904
"CotitodeSantaTeresa","Empis sp",0.1,0.00641466208476518,0.760187533431869
"CotitodeSantaTeresa","Eucera chrysopyga",0.1,0.0101879927228623,0
"CotitodeSantaTeresa","Eucera codinai",0.2,0.0104650076307347,0.324040590967133
"CotitodeSantaTeresa","Eucera elongatula",0.1,0.0100403406544151,0.326761291609182
"CotitodeSantaTeresa","Eucera sp",0.1,0.0101879927228623,0
"CotitodeSantaTeresa","Flavipanurgus venustus",0.1,0.0143731017666938,0.546874388415681
"CotitodeSantaTeresa","Heriades crenulatus",0.1,0.0109617643220671,0.08694882504105
"CotitodeSantaTeresa","Lasioglossum albocinctum",0.1,0.0100403406544151,0.326761291609182
"CotitodeSantaTeresa","Lasioglossum malachurum",0.1,0.0109617643220671,0.08694882504105
"CotitodeSantaTeresa","Lasioglossum sp",0.2,0.0117024240735581,0.180421800537458
"CotitodeSantaTeresa","Lestica clypeata",0.2,0.0109617643220671,0.52272516966069
"CotitodeSantaTeresa","Macroglossum stellatarum",0.1,0.00995378599360114,0.203360229803088
"CotitodeSantaTeresa","Merodon sp",0.1,0.0101879927228623,0
"CotitodeSantaTeresa","Musca morpho1",0.1,0.0109617643220671,0.08694882504105
"CotitodeSantaTeresa","Myathropa florea",0.1,0.0109617643220671,0.08694882504105
"CotitodeSantaTeresa","Nemotelus morpho1",0.1,0.0109617643220671,0.08694882504105
"CotitodeSantaTeresa","Nomada agrestis",0.1,0.00946425553489944,0.619906233284066
"CotitodeSantaTeresa","Nomada sp",0.2,0.0107575078440161,0.153234239372177
"CotitodeSantaTeresa","Nomada succincta",0.1,0.00698370468905886,0.380093766715934
"CotitodeSantaTeresa","Oxythyrea funesta",0.1,0.00995378599360114,0.203360229803088
"CotitodeSantaTeresa","Pieris brassicae",0.1,0.00718655088334688,0.112588423805904
"CotitodeSantaTeresa","Platynochaetus setosus",0.1,0.0101879927228623,0
"CotitodeSantaTeresa","Polistes dominula",0.1,0.00718655088334688,0.112588423805904
"CotitodeSantaTeresa","Polistes sp",0.1,0.00718655088334688,0.112588423805904
"CotitodeSantaTeresa","Stomorhina lunata",0.1,0.00718655088334688,0.112588423805904
"CotitodeSantaTeresa","Tropinota squalida",0.1,0.00718655088334688,0.112588423805904
"CotitodeSantaTeresa","Trypoxylon morpho1",0.1,0.0109617643220671,0.08694882504105
"CotitodeSantaTeresa","Vanessa atalanta",0.1,0.00718655088334688,0.112588423805904
"CotitodeSantaTeresa","Vanessa cardui",0.1,0.00718655088334688,0.112588423805904
"CotitodeSantaTeresa","Xylocopa cantabrita",0.1,0.0146776166346322,0.20526168522577
"Elpinar","Andrena angustior",0.0909090909090909,NA,0
"Elpinar","Andrena ferrugineicrus",0.0909090909090909,0.0353803386403841,0.281434979210022
"Elpinar","Andrena hispania",0.0909090909090909,NA,1
"Elpinar","Andrena nigroaenaea",0.181818181818182,0.0464807436918991,0.144536339057553
"Elpinar","Andrena rhyssonota",0.0909090909090909,0.0287769784172662,0.488083950380369
"Elpinar","Andrena tenuistriata",0.0909090909090909,NA,0
"Elpinar","Andrena vulpecula",0.0909090909090909,NA,0
"Elpinar","Anthophora sp",0.0909090909090909,NA,0
"Elpinar","Apis mellifera",0.272727272727273,0.0666032350142721,0.366854588081553
"Elpinar","Bombus terrestris",0.181818181818182,0.0508259212198221,0.368377180245434
"Elpinar","Bombylius morpho2",0.0909090909090909,NA,0
"Elpinar","Ceratina cucurbitina",0.0909090909090909,0.0353803386403841,0.281434979210022
"Elpinar","Chasmatopterus villosulus",0.0909090909090909,NA,0
"Elpinar","Empis tessellata",0.0909090909090909,0.0296296296296296,0.0528427588168158
"Elpinar","Empis testacea",0.0909090909090909,0.0296296296296296,0.0528427588168158
"Elpinar","Eucera alternans",0.0909090909090909,NA,0
"Elpinar","Eucera collaris",0.0909090909090909,NA,0
"Elpinar","Eucera elongatula",0.0909090909090909,0.0353803386403841,0.281434979210022
"Elpinar","Eucera sp",0.0909090909090909,0.0353803386403841,0.281434979210022
"Elpinar","Lachnaia tristigmia",0.0909090909090909,NA,0
"Elpinar","Lasioglossum interruptum",0.0909090909090909,0.0287769784172662,0.488083950380369
"Elpinar","Lasioglossum malachurum",0.181818181818182,NA,0.868547840207151
"Elpinar","Lestica clypeata",0.0909090909090909,0.0285306704707561,0.405683871082213
"Elpinar","Musca morpho1",0.0909090909090909,0.0287769784172662,0.488083950380369
"Elpinar","Panurgus cephalotes",0.0909090909090909,NA,1
"Elpinar","Platynochaetus setosus",0.0909090909090909,NA,1
"Elpinar","Psilothrix viridicoerulea",0.181818181818182,0.0547945205479452,0.344689876692312
"Elpinar","Systropha planidens",0.272727272727273,NA,0.541875617049867
"Elpinar","Xylocopa cantabrita",0.0909090909090909,0.0353803386403841,0.281434979210022
